strategy_name,rebalance_date,holding_period_days,number_of_holdings,selection_note,signal_value,realized_period_return,cumulative_value
equal_weight_universe,2024-02-09,5,30,ALL_AVAILABLE_STOCKS,,0.014080253842658048,1.014080253842658
equal_weight_universe,2024-02-16,5,30,ALL_AVAILABLE_STOCKS,,0.008296169715740693,1.0224932357339183
equal_weight_universe,2024-02-23,5,30,ALL_AVAILABLE_STOCKS,,0.009468792470804807,1.0321750119858843
equal_weight_universe,2024-03-01,5,30,ALL_AVAILABLE_STOCKS,,0.011730638005368903,1.0442830834096781
equal_weight_universe,2024-03-08,5,30,ALL_AVAILABLE_STOCKS,,0.01293057295013883,1.057786262000303
equal_weight_universe,2024-03-15,5,30,ALL_AVAILABLE_STOCKS,,0.00898116131517126,1.0672864110562996
equal_weight_universe,2024-03-22,5,30,ALL_AVAILABLE_STOCKS,,0.0006620782758569884,1.0679930382031775
equal_weight_universe,2024-04-02,5,30,ALL_AVAILABLE_STOCKS,,0.0018037325782327973,1.0699194120395104
equal_weight_universe,2024-04-09,5,30,ALL_AVAILABLE_STOCKS,,-0.012543111556244916,1.0564992934981068
equal_weight_universe,2024-04-16,5,30,ALL_AVAILABLE_STOCKS,,0.013971465207458785,1.0712601366189203
equal_weight_universe,2024-04-23,5,30,ALL_AVAILABLE_STOCKS,,-0.006819715744479585,1.063954446998787
equal_weight_universe,2024-04-30,5,30,ALL_AVAILABLE_STOCKS,,0.04234172886019274,1.109004117713206
equal_weight_universe,2024-05-08,5,30,ALL_AVAILABLE_STOCKS,,0.001870856592893914,1.1110789053783763
equal_weight_universe,2024-05-16,5,30,ALL_AVAILABLE_STOCKS,,0.00435404561131176,1.11591659361016
equal_weight_universe,2024-05-23,5,30,ALL_AVAILABLE_STOCKS,,-0.008990894734120635,1.1058835049849527
equal_weight_universe,2024-05-30,5,30,ALL_AVAILABLE_STOCKS,,-0.004611408648883349,1.1007838242254078
equal_weight_universe,2024-06-07,5,30,ALL_AVAILABLE_STOCKS,,-0.013968992616481294,1.0854069831124609
equal_weight_universe,2024-06-14,5,30,ALL_AVAILABLE_STOCKS,,0.006173252881781351,1.0921074748988653
equal_weight_universe,2024-06-24,5,30,ALL_AVAILABLE_STOCKS,,-0.004012100430556816,1.0877258300286092
equal_weight_universe,2024-07-01,5,30,ALL_AVAILABLE_STOCKS,,-0.00028429538096281793,1.0874165945993781
equal_weight_universe,2024-07-08,5,30,ALL_AVAILABLE_STOCKS,,0.03475932584820152,1.1252144623437996
equal_weight_universe,2024-07-15,5,30,ALL_AVAILABLE_STOCKS,,0.00034397381753944095,1.1256015066579625
equal_weight_universe,2024-07-22,5,30,ALL_AVAILABLE_STOCKS,,-0.0008164710131896087,1.1246824856553739
equal_weight_universe,2024-07-29,5,30,ALL_AVAILABLE_STOCKS,,-0.0707179962886491,1.0451471938088885
equal_weight_universe,2024-08-05,5,30,ALL_AVAILABLE_STOCKS,,0.029682417229393257,1.0761696888816534
equal_weight_universe,2024-08-12,5,30,ALL_AVAILABLE_STOCKS,,0.01948877658724212,1.0971429195182296
equal_weight_universe,2024-08-19,5,30,ALL_AVAILABLE_STOCKS,,0.013274638512422705,1.1117070951712982
equal_weight_universe,2024-08-26,5,30,ALL_AVAILABLE_STOCKS,,-0.00020600195681861334,1.1114780813342837
equal_weight_universe,2024-09-02,5,30,ALL_AVAILABLE_STOCKS,,-0.025332844571828737,1.0833211798548479
equal_weight_universe,2024-09-09,5,30,ALL_AVAILABLE_STOCKS,,0.028190080290061308,1.11386009089488
equal_weight_universe,2024-09-16,5,30,ALL_AVAILABLE_STOCKS,,0.011519241652034577,1.1266909144484554
equal_weight_universe,2024-09-23,5,30,ALL_AVAILABLE_STOCKS,,0.006875136243854085,1.134437067990001
equal_weight_universe,2024-09-30,5,30,ALL_AVAILABLE_STOCKS,,-0.01032791978725347,1.1227206929481133
equal_weight_universe,2024-10-07,5,30,ALL_AVAILABLE_STOCKS,,-0.0033702743709740544,1.1189368161709081
equal_weight_universe,2024-10-14,5,30,ALL_AVAILABLE_STOCKS,,0.0011006476560182796,1.1201683713548591
equal_weight_universe,2024-10-21,5,30,ALL_AVAILABLE_STOCKS,,0.020369403045486806,1.1429855323897928
equal_weight_universe,2024-10-28,5,30,ALL_AVAILABLE_STOCKS,,-0.010254487557031,1.1312648014700353
equal_weight_universe,2024-11-04,5,30,ALL_AVAILABLE_STOCKS,,-0.02336229714949307,1.1048358570233299
equal_weight_universe,2024-11-11,5,30,ALL_AVAILABLE_STOCKS,,-0.0069586356959059495,1.0971477067905304
equal_weight_universe,2024-11-18,5,30,ALL_AVAILABLE_STOCKS,,0.0042030235179678,1.1017590444048555
equal_weight_universe,2024-11-25,5,30,ALL_AVAILABLE_STOCKS,,0.03375784656648186,1.1389520571791083
equal_weight_universe,2024-12-02,5,30,ALL_AVAILABLE_STOCKS,,0.0028414992243509405,1.1421883885661555
equal_weight_universe,2024-12-09,5,30,ALL_AVAILABLE_STOCKS,,-0.02299292383323758,1.1159261379446455
equal_weight_universe,2024-12-16,5,30,ALL_AVAILABLE_STOCKS,,-0.01714944223661031,1.09678862710164
equal_weight_universe,2024-12-23,5,30,ALL_AVAILABLE_STOCKS,,0.013733958639068773,1.111851876742055
equal_weight_universe,2025-01-07,5,30,ALL_AVAILABLE_STOCKS,,0.010869957200297323,1.1239376590553114
equal_weight_universe,2025-01-14,5,30,ALL_AVAILABLE_STOCKS,,0.029241854068352315,1.1568036800633323
equal_weight_universe,2025-01-21,5,30,ALL_AVAILABLE_STOCKS,,0.011645775593528303,1.1702755561271174
equal_weight_universe,2025-01-28,5,30,ALL_AVAILABLE_STOCKS,,-0.008413541442650033,1.1604293942363215
equal_weight_universe,2025-02-04,5,30,ALL_AVAILABLE_STOCKS,,0.025597719583899878,1.1901337404668977
equal_weight_universe,2025-02-11,5,30,ALL_AVAILABLE_STOCKS,,0.01213983841140561,1.2045817717641274
equal_weight_universe,2025-02-18,5,30,ALL_AVAILABLE_STOCKS,,0.015147338890151345,1.2228279800819375
equal_weight_universe,2025-02-25,5,30,ALL_AVAILABLE_STOCKS,,-0.012266737817144706,1.2078278698548037
equal_weight_universe,2025-03-04,5,30,ALL_AVAILABLE_STOCKS,,-0.021363394795084933,1.1820245662265891
equal_weight_universe,2025-03-11,5,30,ALL_AVAILABLE_STOCKS,,0.015288720891677576,1.2000962099067338
equal_weight_universe,2025-03-18,5,30,ALL_AVAILABLE_STOCKS,,-0.028634577089968378,1.1657319624687805
equal_weight_universe,2025-03-25,5,30,ALL_AVAILABLE_STOCKS,,-0.04398097223106678,1.114461937398574
equal_weight_universe,2025-04-01,5,30,ALL_AVAILABLE_STOCKS,,-0.12327108180499592,0.9770810087449602
equal_weight_universe,2025-04-08,5,30,ALL_AVAILABLE_STOCKS,,0.09175900533268842,1.0667369902368575
equal_weight_universe,2025-04-15,5,30,ALL_AVAILABLE_STOCKS,,0.028500186810906263,1.0971391937367119
equal_weight_universe,2025-04-24,5,30,ALL_AVAILABLE_STOCKS,,0.023651527685778845,1.123088211752529
equal_weight_universe,2025-05-02,5,30,ALL_AVAILABLE_STOCKS,,0.02669704579077773,1.153071349168769
equal_weight_universe,2025-05-09,5,30,ALL_AVAILABLE_STOCKS,,0.005114981688164351,1.1589692880049143
equal_weight_universe,2025-05-16,5,30,ALL_AVAILABLE_STOCKS,,-0.012996622663188465,1.1439066014904902
equal_weight_universe,2025-05-23,5,30,ALL_AVAILABLE_STOCKS,,-0.00988046905474826,1.132604267712941
equal_weight_universe,2025-06-02,5,30,ALL_AVAILABLE_STOCKS,,0.004813156124226599,1.1380556688804089
equal_weight_universe,2025-06-10,5,30,ALL_AVAILABLE_STOCKS,,-0.015177399866786364,1.120782942923148
equal_weight_universe,2025-06-17,5,30,ALL_AVAILABLE_STOCKS,,0.0022330876124079134,1.1232857494291877
equal_weight_universe,2025-06-25,5,30,ALL_AVAILABLE_STOCKS,,0.02792496618623987,1.154653465999483
equal_weight_universe,2025-07-02,5,30,ALL_AVAILABLE_STOCKS,,0.016738968713682707,1.1739811742419937
equal_weight_universe,2025-07-09,5,30,ALL_AVAILABLE_STOCKS,,-0.008263544388858016,1.1642799286969614
equal_weight_universe,2025-07-16,5,30,ALL_AVAILABLE_STOCKS,,0.019983058191893714,1.1875458022637666
equal_weight_universe,2025-07-23,5,30,ALL_AVAILABLE_STOCKS,,-0.009359260775131998,1.1764312514179667
equal_weight_universe,2025-07-30,5,30,ALL_AVAILABLE_STOCKS,,0.008121830957314228,1.1859860271748852
equal_weight_universe,2025-08-06,5,30,ALL_AVAILABLE_STOCKS,,0.012102229969802291,1.200339102816728
equal_weight_universe,2025-08-13,5,30,ALL_AVAILABLE_STOCKS,,0.007280818503578523,1.2090785539670847
equal_weight_universe,2025-08-20,5,30,ALL_AVAILABLE_STOCKS,,-0.002894908595118358,1.2055783820690322
equal_weight_universe,2025-08-27,5,30,ALL_AVAILABLE_STOCKS,,-0.014587862875902809,1.1879915699452563
equal_weight_universe,2025-09-03,5,30,ALL_AVAILABLE_STOCKS,,0.011841897209260387,1.202059644002016
equal_weight_universe,2025-09-10,5,30,ALL_AVAILABLE_STOCKS,,-0.002278188691393553,1.19932112531467
equal_weight_universe,2025-09-17,5,30,ALL_AVAILABLE_STOCKS,,-0.0017372708935158077,1.1972375796316823
equal_weight_universe,2025-09-24,5,30,ALL_AVAILABLE_STOCKS,,0.02773222161477303,1.2304396375155626
equal_weight_universe,2025-10-01,5,30,ALL_AVAILABLE_STOCKS,,0.00870320134819379,1.2411484014276593
equal_weight_universe,2025-10-08,5,30,ALL_AVAILABLE_STOCKS,,0.004606155766096524,1.2468653242934769
equal_weight_universe,2025-10-15,5,30,ALL_AVAILABLE_STOCKS,,0.009749327237726887,1.2590214223613885
equal_weight_universe,2025-10-22,5,30,ALL_AVAILABLE_STOCKS,,0.007401220835400246,1.2683397179447848
equal_weight_universe,2025-10-29,5,30,ALL_AVAILABLE_STOCKS,,-0.01609754815737764,1.247922558255254
equal_weight_universe,2025-11-05,5,30,ALL_AVAILABLE_STOCKS,,0.012852056480974417,1.2639609294578327
equal_weight_universe,2025-11-12,5,30,ALL_AVAILABLE_STOCKS,,-0.033374077222066575,1.221777399792432
equal_weight_universe,2025-11-19,5,30,ALL_AVAILABLE_STOCKS,,0.03107804616884108,1.2597478542312277
equal_weight_universe,2025-11-26,5,30,ALL_AVAILABLE_STOCKS,,0.009479791795710102,1.2716900016044324
equal_weight_universe,2025-12-03,5,30,ALL_AVAILABLE_STOCKS,,0.004796541010478839,1.277789714849744
equal_weight_universe,2025-12-10,5,30,ALL_AVAILABLE_STOCKS,,0.0024582094441318093,1.2809307895944022
equal_weight_universe,2025-12-17,5,30,ALL_AVAILABLE_STOCKS,,0.017952620977990195,1.3039268545590281
omxs30_benchmark,2024-02-09,5,1,OMXS30_INDEX,2352.419,0.018089983602942894,1.018089983602943
omxs30_benchmark,2024-02-16,5,1,OMXS30_INDEX,2408.917,0.011745299183595792,1.0300477550561815
omxs30_benchmark,2024-02-23,5,1,OMXS30_INDEX,2435.446,0.0068591622529972085,1.0371130197364473
omxs30_benchmark,2024-03-01,5,1,OMXS30_INDEX,2461.49,0.00977126396382122,1.047246924812608
omxs30_benchmark,2024-03-08,5,1,OMXS30_INDEX,2487.695,0.01026315311845205,1.057994980354788
omxs30_benchmark,2024-03-15,5,1,OMXS30_INDEX,2533.62,0.008490095620370619,1.066977458903872
omxs30_benchmark,2024-03-22,5,1,OMXS30_INDEX,2534.342,-0.004967405852655649,1.0616773488298614
omxs30_benchmark,2024-04-02,5,1,OMXS30_INDEX,2508.65,0.0022024898160706297,1.064015682378612
omxs30_benchmark,2024-04-09,5,1,OMXS30_INDEX,2513.504,-0.005470702307015851,1.0581947693303222
omxs30_benchmark,2024-04-16,5,1,OMXS30_INDEX,2491.756,0.015142854633864333,1.0742188588966068
omxs30_benchmark,2024-04-23,5,1,OMXS30_INDEX,2546.332,-0.007078453183790079,1.0666150509947627
omxs30_benchmark,2024-04-30,5,1,OMXS30_INDEX,2556.398,0.04065366470656495,1.1099768616488794
omxs30_benchmark,2024-05-08,5,1,OMXS30_INDEX,2589.102,-0.009767994435032401,1.0991346138412785
omxs30_benchmark,2024-05-16,5,1,OMXS30_INDEX,2608.817,0.00857005939976152,1.1085542627702323
omxs30_benchmark,2024-05-23,5,1,OMXS30_INDEX,2641.467,-0.00777138502571928,1.0999392607723424
omxs30_benchmark,2024-05-30,5,1,OMXS30_INDEX,2593.075,-0.001301023307824889,1.0985082141568858
omxs30_benchmark,2024-06-07,5,1,OMXS30_INDEX,2623.589,-0.016227454285665965,1.0806822223292265
omxs30_benchmark,2024-06-14,5,1,OMXS30_INDEX,2561.6,0.0011932712477911167,1.081971769353131
omxs30_benchmark,2024-06-24,5,1,OMXS30_INDEX,2594.544,-0.0029052540516231184,1.078828366486476
omxs30_benchmark,2024-07-01,5,1,OMXS30_INDEX,2584.832,-0.007794844729543171,1.0704190668798872
omxs30_benchmark,2024-07-08,5,1,OMXS30_INDEX,2564.303,0.0313185739962869,1.1039430656330014
omxs30_benchmark,2024-07-15,5,1,OMXS30_INDEX,2605.292,-0.006564934038827075,1.0966957522245002
omxs30_benchmark,2024-07-22,5,1,OMXS30_INDEX,2593.429,-0.0004533156166652841,1.0961986029132864
omxs30_benchmark,2024-07-29,5,1,OMXS30_INDEX,2580.001,-0.07409388235729297,1.0149769925888004
omxs30_benchmark,2024-08-05,5,1,OMXS30_INDEX,2411.256,0.029130787247040768,1.044544071420546
omxs30_benchmark,2024-08-12,5,1,OMXS30_INDEX,2460.903,0.02197248960353515,1.0674953051702682
omxs30_benchmark,2024-08-19,5,1,OMXS30_INDEX,2540.826,0.011654762625465276,1.0799367095558263
omxs30_benchmark,2024-08-26,5,1,OMXS30_INDEX,2567.124,0.003531830278150183,1.0837508627251216
omxs30_benchmark,2024-09-02,5,1,OMXS30_INDEX,2589.981,-0.027289188698320532,1.0541761809302481
omxs30_benchmark,2024-09-09,5,1,OMXS30_INDEX,2511.443,0.024096868288617346,1.079578525515122
omxs30_benchmark,2024-09-16,5,1,OMXS30_INDEX,2529.745,0.013345592550569219,1.0939861406429912
omxs30_benchmark,2024-09-23,5,1,OMXS30_INDEX,2583.846,0.008237033833846219,1.1029973414972263
omxs30_benchmark,2024-09-30,5,1,OMXS30_INDEX,2626.438,-0.0089815818980572,1.0930906805412295
omxs30_benchmark,2024-10-07,5,1,OMXS30_INDEX,2602.656,-0.004182944406446842,1.0885183429933203
omxs30_benchmark,2024-10-14,5,1,OMXS30_INDEX,2598.245,-0.002154388810526764,1.0861732512551223
omxs30_benchmark,2024-10-21,5,1,OMXS30_INDEX,2576.204,0.015264165493233062,1.1027527795166034
omxs30_benchmark,2024-10-28,5,1,OMXS30_INDEX,2624.085,-0.014033434644634801,1.0872773704560679
omxs30_benchmark,2024-11-04,5,1,OMXS30_INDEX,2571.984,-0.023268471213735653,1.0619780882602647
omxs30_benchmark,2024-11-11,5,1,OMXS30_INDEX,2576.425,-0.008255009185711315,1.053211449386652
omxs30_benchmark,2024-11-18,5,1,OMXS30_INDEX,2506.913,0.0009304280450261881,1.054191386856504
omxs30_benchmark,2024-11-25,5,1,OMXS30_INDEX,2512.451,0.031212086244228443,1.0870948993409921
omxs30_benchmark,2024-12-02,5,1,OMXS30_INDEX,2548.133,0.008466815220917745,1.0962991309813144
omxs30_benchmark,2024-12-09,5,1,OMXS30_INDEX,2617.8,-0.02404790470840512,1.0699354339475684
omxs30_benchmark,2024-12-16,5,1,OMXS30_INDEX,2544.604,-0.016929654529878824,1.0518217966815602
omxs30_benchmark,2024-12-23,5,1,OMXS30_INDEX,2469.87,0.02052095706907031,1.0734061866155749
omxs30_benchmark,2025-01-07,5,1,OMXS30_INDEX,2543.151,0.011625998952499383,1.0858856058167738
omxs30_benchmark,2025-01-14,5,1,OMXS30_INDEX,2521.22,0.030012851870522717,1.1184761296524854
omxs30_benchmark,2025-01-21,5,1,OMXS30_INDEX,2638.418,0.0035264483627204246,1.1224203779686404
omxs30_benchmark,2025-01-28,5,1,OMXS30_INDEX,2635.63,-0.010619313837057387,1.1105010437178828
omxs30_benchmark,2025-02-04,5,1,OMXS30_INDEX,2638.464,0.018964219437079155,1.1315608291960542
omxs30_benchmark,2025-02-11,5,1,OMXS30_INDEX,2666.87,0.01167053880449509,1.1447667537628334
omxs30_benchmark,2025-02-18,5,1,OMXS30_INDEX,2757.276,0.01928653366703137,1.1668453363001785
omxs30_benchmark,2025-02-25,5,1,OMXS30_INDEX,2724.728,-0.013941337279511634,1.1505779519137926
omxs30_benchmark,2025-03-04,5,1,OMXS30_INDEX,2656.245,-0.024811388877569618,1.122030514914902
omxs30_benchmark,2025-03-11,5,1,OMXS30_INDEX,2652.672,0.008105691714930474,1.1311253483635468
omxs30_benchmark,2025-03-18,5,1,OMXS30_INDEX,2685.501,-0.027598110037689416,1.09990842653299
omxs30_benchmark,2025-03-25,5,1,OMXS30_INDEX,2641.376,-0.04813268352028066,1.0469668823373877
omxs30_benchmark,2025-04-01,5,1,OMXS30_INDEX,2509.775,-0.12221244107779428,0.9190145039193277
omxs30_benchmark,2025-04-08,5,1,OMXS30_INDEX,2237.255,0.09046427348541797,1.0021524833389515
omxs30_benchmark,2025-04-15,5,1,OMXS30_INDEX,2390.686,0.022919639854100504,1.0251214573359726
omxs30_benchmark,2025-04-24,5,1,OMXS30_INDEX,2398.844,0.015562595875603158,1.0410750082999016
omxs30_benchmark,2025-05-02,5,1,OMXS30_INDEX,2462.539,0.024546575444174268,1.0666298345341796
omxs30_benchmark,2025-05-09,5,1,OMXS30_INDEX,2448.967,0.009365035616360151,1.0766188609240646
omxs30_benchmark,2025-05-16,5,1,OMXS30_INDEX,2544.041,-0.014917848650374821,1.0605580237026604
omxs30_benchmark,2025-05-23,5,1,OMXS30_INDEX,2479.564,-0.009223499911783617,1.0507759668645975
omxs30_benchmark,2025-06-02,5,1,OMXS30_INDEX,2481.282,0.004715179824014815,1.0557305645031172
omxs30_benchmark,2025-06-10,5,1,OMXS30_INDEX,2512.204,-0.016344061069679672,1.038475639683751
omxs30_benchmark,2025-06-17,5,1,OMXS30_INDEX,2461.397,-0.0031912613291606995,1.0351615925335527
omxs30_benchmark,2025-06-25,5,1,OMXS30_INDEX,2444.295,0.03213433640328667,1.0684258233797879
omxs30_benchmark,2025-07-02,5,1,OMXS30_INDEX,2522.352,0.020080284768191126,1.089880118166943
omxs30_benchmark,2025-07-09,5,1,OMXS30_INDEX,2536.428,-0.009555906334523079,1.079465325841881
omxs30_benchmark,2025-07-16,5,1,OMXS30_INDEX,2512.316,0.017446956369304933,1.0982987102840218
omxs30_benchmark,2025-07-23,5,1,OMXS30_INDEX,2592.547,-0.007755497611740436,1.0897808572594365
omxs30_benchmark,2025-07-30,5,1,OMXS30_INDEX,2605.965,0.005312679502056827,1.0955705136815326
omxs30_benchmark,2025-08-06,5,1,OMXS30_INDEX,2566.534,0.015097381755682315,1.1121107599668516
omxs30_benchmark,2025-08-13,5,1,OMXS30_INDEX,2612.885,0.005189675341445987,1.1178822537548083
omxs30_benchmark,2025-08-20,5,1,OMXS30_INDEX,2655.238,-0.0010764819858352093,1.1166788736463564
omxs30_benchmark,2025-08-27,5,1,OMXS30_INDEX,2645.631,-0.013691236073206992,1.1013901595693012
omxs30_benchmark,2025-09-03,5,1,OMXS30_INDEX,2597.204,0.01088152468668735,1.113374963780329
omxs30_benchmark,2025-09-10,5,1,OMXS30_INDEX,2629.154,-0.0004051727048655085,1.1129238546347247
omxs30_benchmark,2025-09-17,5,1,OMXS30_INDEX,2616.039,-0.004302719894339169,1.1081352550245032
omxs30_benchmark,2025-09-24,5,1,OMXS30_INDEX,2645.356,0.03243100459384918,1.1440731945708091
omxs30_benchmark,2025-10-01,5,1,OMXS30_INDEX,2677.09,0.007924415314087607,1.1531393057143031
omxs30_benchmark,2025-10-08,5,1,OMXS30_INDEX,2733.491,0.004312367333259015,1.1581120659869624
omxs30_benchmark,2025-10-15,5,1,OMXS30_INDEX,2738.138,0.005568182978655134,1.164560645880166
omxs30_benchmark,2025-10-22,5,1,OMXS30_INDEX,2745.537,0.009311975104230985,1.1754050056219694
omxs30_benchmark,2025-10-29,5,1,OMXS30_INDEX,2777.907,-0.013822922420078654,1.1591574734170849
omxs30_benchmark,2025-11-05,5,1,OMXS30_INDEX,2751.404,0.01321938576024606,1.1744808232150574
omxs30_benchmark,2025-11-12,5,1,OMXS30_INDEX,2806.047,-0.02827970125667978,1.1412668564028363
omxs30_benchmark,2025-11-19,5,1,OMXS30_INDEX,2685.836,0.03238146418119969,1.1782227482346352
omxs30_benchmark,2025-11-26,5,1,OMXS30_INDEX,2779.442,0.008663029138465062,1.1884297262341943
omxs30_benchmark,2025-12-03,5,1,OMXS30_INDEX,2779.824,0.005487266336248187,1.1949509566639558
omxs30_benchmark,2025-12-10,5,1,OMXS30_INDEX,2810.589,-0.00040260950342219104,1.1944698580526794
omxs30_benchmark,2025-12-17,5,1,OMXS30_INDEX,2794.945,0.019471658347787413,1.2177281670354112
static_random_forest,2024-02-09,5,5,"ESSITYb.ST,EQTAB.ST,HMb.ST,BOL.ST,SCAb.ST",0.013804445850806766,0.007613226195319766,1.0076132261953197
static_random_forest,2024-02-16,5,5,"ESSITYb.ST,HMb.ST,SCAb.ST,AZN.ST,ERICb.ST",0.011686789565285089,-0.006694626215278343,1.0008676322763712
static_random_forest,2024-02-23,5,5,"ESSITYb.ST,HMb.ST,SCAb.ST,BOL.ST,AZN.ST",0.020540523077383584,0.004361916545610222,1.005233333361563
static_random_forest,2024-03-01,5,5,"ESSITYb.ST,HMb.ST,NIBEb.ST,AZN.ST,BOL.ST",0.015140054212111693,0.026946330010696372,1.0323206825000761
static_random_forest,2024-03-08,5,5,"ESSITYb.ST,HMb.ST,NIBEb.ST,BOL.ST,ERICb.ST",0.015657012369370074,-0.0035277767462603914,1.0286788856016686
static_random_forest,2024-03-15,5,5,"ESSITYb.ST,NIBEb.ST,HMb.ST,BOL.ST,ERICb.ST",0.008780706742679924,0.0033098481048490225,1.0320836564616755
static_random_forest,2024-03-22,5,5,"NIBEb.ST,HMb.ST,ERICb.ST,AZN.ST,ESSITYb.ST",0.00441441411620234,0.039218294949060525,1.0725602177128943
static_random_forest,2024-04-02,5,5,"NIBEb.ST,ERICb.ST,SHBa.ST,BOL.ST,ABB.ST",0.0048505796933205605,0.008710872752503618,1.0819031532887888
static_random_forest,2024-04-09,5,5,"NIBEb.ST,ERICb.ST,BOL.ST,SAABb.ST,ABB.ST",0.00404304207590919,0.006241415587525024,1.088655760493918
static_random_forest,2024-04-16,5,5,"NIBEb.ST,SAABb.ST,ERICb.ST,BOL.ST,SCAb.ST",0.004303321757719313,0.024675917262347767,1.1155193399670442
static_random_forest,2024-04-23,5,5,"NIBEb.ST,EQTAB.ST,SAABb.ST,BOL.ST,SCAb.ST",0.005014313658987785,4.122363208804991e-05,1.1155653257259022
static_random_forest,2024-04-30,5,5,"AZN.ST,SAABb.ST,NIBEb.ST,EQTAB.ST,HMb.ST",0.011228159775502724,0.05599759930838437,1.1780343058382285
static_random_forest,2024-05-08,5,5,"AZN.ST,SAABb.ST,NIBEb.ST,EQTAB.ST,HMb.ST",0.01334528050551113,0.018503986856005183,1.1998326371493824
static_random_forest,2024-05-16,5,5,"AZN.ST,SHBa.ST,HMb.ST,SAABb.ST,EVOG.ST",0.012215279253425734,0.014427341549148398,1.217143032407352
static_random_forest,2024-05-23,5,5,"AZN.ST,SHBa.ST,BOL.ST,HMb.ST,SAABb.ST",0.011694512794801104,-0.0002348629709145511,1.2168571705787328
static_random_forest,2024-05-30,5,5,"SHBa.ST,BOL.ST,EQTAB.ST,HMb.ST,EVOG.ST",0.005519132255670833,-0.014874333223559643,1.1987572315380668
static_random_forest,2024-06-07,5,5,"SHBa.ST,BOL.ST,VOLVb.ST,HMb.ST,SAABb.ST",0.004913985023627014,-0.024273243540612867,1.1696595053108725
static_random_forest,2024-06-14,5,5,"NIBEb.ST,SAABb.ST,SHBa.ST,EQTAB.ST,HMb.ST",0.007939366814902152,-0.0017677199463957739,1.167591874872843
static_random_forest,2024-06-24,5,5,"SAABb.ST,SHBa.ST,EQTAB.ST,HMb.ST,NIBEb.ST",0.00631301499684781,-0.030009253613548316,1.1325533141826656
static_random_forest,2024-07-01,5,5,"SAABb.ST,HMb.ST,NIBEb.ST,EQTAB.ST,EVOG.ST",0.006834116722190027,0.02313509860744962,1.1587550467844754
static_random_forest,2024-07-08,5,5,"SAABb.ST,EVOG.ST,HMb.ST,VOLVb.ST,EQTAB.ST",0.006818951441303091,0.042429981212643096,1.2079210016495963
static_random_forest,2024-07-15,5,5,"HMb.ST,SAND.ST,EQTAB.ST,NIBEb.ST,SAABb.ST",0.00461461344817419,-0.021790167339417965,1.1816002008908542
static_random_forest,2024-07-22,5,5,"SAABb.ST,HMb.ST,SHBa.ST,SKFb.ST,NIBEb.ST",0.005796764656365543,0.0009517404422524356,1.1827247775886158
static_random_forest,2024-07-29,5,5,"HMb.ST,SAABb.ST,BOL.ST,SCAb.ST,SKFb.ST",0.00503583541413481,-0.05706540131285023,1.11523211351287
static_random_forest,2024-08-05,5,5,"NIBEb.ST,HMb.ST,VOLVb.ST,SHBa.ST,ALFA.ST",0.005617420100031892,0.031437323289165355,1.1502920260078333
static_random_forest,2024-08-12,5,5,"NIBEb.ST,NDASE.ST,SAABb.ST,EQTAB.ST,SAND.ST",0.006774308700311214,0.028215269218510808,1.1827478252015506
static_random_forest,2024-08-19,5,5,"ATCOa.ST,BOL.ST,SAND.ST,HMb.ST,NIBEb.ST",0.00714036238699039,0.0105474923428589,1.195222848831397
static_random_forest,2024-08-26,5,5,"HMb.ST,SAABb.ST,BOL.ST,EPIRa.ST,EQTAB.ST",0.005840475467461798,-0.041722001266215614,1.1453557596190436
static_random_forest,2024-09-02,5,5,"SAABb.ST,HMb.ST,ADDTb.ST,ATCOa.ST,EQTAB.ST",0.00479514824092273,-0.03333968489790593,1.107169959497343
static_random_forest,2024-09-09,5,5,"ADDTb.ST,NIBEb.ST,SAABb.ST,HMb.ST,EQTAB.ST",0.007038548721048023,0.07030732596802647,1.1850121187417293
static_random_forest,2024-09-16,5,5,"ADDTb.ST,HMb.ST,NIBEb.ST,SAABb.ST,EPIRa.ST",0.0067695539969735595,0.006413908745821262,1.192612678334031
static_random_forest,2024-09-23,5,5,"ADDTb.ST,NIBEb.ST,SAABb.ST,NDASE.ST,EQTAB.ST",0.0058240772240238485,0.02205014120351525,1.2189099562923988
static_random_forest,2024-09-30,5,5,"ADDTb.ST,SAABb.ST,EQTAB.ST,HEXAb.ST,EVOG.ST",0.0053009241189495935,-0.017032946885445054,1.1981483277487301
static_random_forest,2024-10-07,5,5,"EQTAB.ST,SAABb.ST,ADDTb.ST,HEXAb.ST,BOL.ST",0.004584081136207294,-0.01924977277712383,1.1750842446862761
static_random_forest,2024-10-14,5,5,"EQTAB.ST,SAABb.ST,NIBEb.ST,HEXAb.ST,ADDTb.ST",0.0053009241189495935,0.018687984007544012,1.1970442002584902
static_random_forest,2024-10-21,5,5,"EQTAB.ST,SAABb.ST,ADDTb.ST,NIBEb.ST,SWEDa.ST",0.00526690070873478,0.01896255620923588,1.2197432181908316
static_random_forest,2024-10-28,5,5,"NIBEb.ST,EVOG.ST,SAABb.ST,ATCOa.ST,BOL.ST",0.004418944515728973,0.0003461273625804395,1.2201654046939694
static_random_forest,2024-11-04,5,5,"SAABb.ST,EVOG.ST,AZN.ST,NIBEb.ST,ATCOa.ST",0.00457670703342055,-0.013593156172043996,1.203579505792239
static_random_forest,2024-11-11,5,5,"EVOG.ST,NIBEb.ST,BOL.ST,AZN.ST,ATCOa.ST",0.00449730037773082,-0.006810353996864004,1.195382703294423
static_random_forest,2024-11-18,5,5,"ADDTb.ST,BOL.ST,NIBEb.ST,EVOG.ST,VOLVb.ST",0.0059245223499309226,0.008733562322248933,1.2058226526325833
static_random_forest,2024-11-25,5,5,"BOL.ST,ADDTb.ST,EVOG.ST,NIBEb.ST,SAABb.ST",0.006593810732492352,0.014927333983569291,1.2238223700933835
static_random_forest,2024-12-02,5,5,"EVOG.ST,ADDTb.ST,NIBEb.ST,AZN.ST,BOL.ST",0.004594571737415942,-0.0041011969936187945,1.2188032334684331
static_random_forest,2024-12-09,5,5,"EVOG.ST,NIBEb.ST,SAABb.ST,BOL.ST,AZN.ST",0.005742027361833392,-0.04101264468810191,1.1688168895094826
static_random_forest,2024-12-16,5,5,"SAABb.ST,EVOG.ST,BOL.ST,HMb.ST,EQTAB.ST",0.0051551812223425714,-0.019492542677423685,1.1460336764086254
static_random_forest,2024-12-23,5,5,"EVOG.ST,SAABb.ST,NIBEb.ST,ATCOa.ST,HMb.ST",0.006599659440015901,-0.0037913104640392215,1.141688706939116
static_random_forest,2025-01-07,5,5,"SAABb.ST,EVOG.ST,NIBEb.ST,ATCOa.ST,SAND.ST",0.00561872624518134,0.002667453766349137,1.144734108780439
static_random_forest,2025-01-14,5,5,"NIBEb.ST,HEXAb.ST,ATCOa.ST,AZN.ST,EVOG.ST",0.007464400049166093,0.04059092636997848,1.1911999267031488
static_random_forest,2025-01-21,5,5,"SAABb.ST,EVOG.ST,EQTAB.ST,NIBEb.ST,AZN.ST",0.005448709633684781,0.028331215039922242,1.2249480679821152
static_random_forest,2025-01-28,5,5,"NIBEb.ST,SAABb.ST,EVOG.ST,HMb.ST,ESSITYb.ST",0.004987488690570307,-0.02253984663468167,1.1973379263943487
static_random_forest,2025-02-04,5,5,"EVOG.ST,ERICb.ST,SAABb.ST,NIBEb.ST,HMb.ST",0.005228698783119268,-0.003281967143943798,1.1934083026597246
static_random_forest,2025-02-11,5,5,"EVOG.ST,SAABb.ST,BOL.ST,EQTAB.ST,HEXAb.ST",0.004775680073555088,0.07563217504745665,1.283668368309573
static_random_forest,2025-02-18,5,5,"NIBEb.ST,EVOG.ST,EQTAB.ST,BOL.ST,HMb.ST",0.004466514379231959,0.0030449348892795714,1.2875770549105034
static_random_forest,2025-02-25,5,5,"NIBEb.ST,EQTAB.ST,EVOG.ST,BOL.ST,HMb.ST",0.0058413470724527515,-0.03052443154270814,1.248274497241926
static_random_forest,2025-03-04,5,5,"NIBEb.ST,HEXAb.ST,EVOG.ST,ERICb.ST,HMb.ST",0.0060940905076514494,-0.03240271607495913,1.2078270131241835
static_random_forest,2025-03-11,5,5,"EQTAB.ST,ERICb.ST,BOL.ST,EVOG.ST,NIBEb.ST",0.006677732700087327,0.029190471992843192,1.2430840537229846
static_random_forest,2025-03-18,5,5,"ERICb.ST,BOL.ST,EQTAB.ST,EVOG.ST,NIBEb.ST",0.006473990666176771,-0.03640795603275941,1.1978259041500139
static_random_forest,2025-03-25,5,5,"SAABb.ST,EQTAB.ST,ERICb.ST,NIBEb.ST,BOL.ST",0.008411450685875923,-0.04172113178075369,1.1478512517525707
static_random_forest,2025-04-01,5,5,"SAABb.ST,SAND.ST,EQTAB.ST,HMb.ST,ERICb.ST",0.010299984891476028,-0.12780005960637197,1.0011557933593436
static_random_forest,2025-04-08,5,5,"SAABb.ST,HEXAb.ST,NIBEb.ST,EPIRa.ST,INVEb.ST",0.029110699392433503,0.08398468604753084,1.0852375483492946
static_random_forest,2025-04-15,5,5,"SKFb.ST,BOL.ST,SAABb.ST,EQTAB.ST,INDUc.ST",0.02610850484210474,0.03692800135821621,1.1253132020087246
static_random_forest,2025-04-24,5,5,"SAABb.ST,NIBEb.ST,ERICb.ST,LIFCOb.ST,EQTAB.ST",0.017625915260311275,0.04723390406969408,1.178466137840765
static_random_forest,2025-05-02,5,5,"SAABb.ST,EQTAB.ST,HEXAb.ST,SAND.ST,ABB.ST",0.008184762152176688,0.03014033086048997,1.2139854971431694
static_random_forest,2025-05-09,5,5,"SAABb.ST,AZN.ST,ABB.ST,SAND.ST,SKAb.ST",0.007161551428549924,0.018075900525588405,1.2359293782290364
static_random_forest,2025-05-16,5,5,"EQTAB.ST,SAABb.ST,ATCOa.ST,ERICb.ST,ABB.ST",0.011802357838967489,-0.013276263268428035,1.2195208544224831
static_random_forest,2025-05-23,5,5,"EQTAB.ST,EVOG.ST,ATCOa.ST,BOL.ST,HEXAb.ST",0.011890239010181715,-0.01750472076038978,1.1981734824043455
static_random_forest,2025-06-02,5,5,"ATCOa.ST,AZN.ST,BOL.ST,EQTAB.ST,HEXAb.ST",0.0066872250856487864,0.023337770199569664,1.2261361797959163
static_random_forest,2025-06-10,5,5,"SAABb.ST,ATCOa.ST,HEXAb.ST,VOLVb.ST,ADDTb.ST",0.008386089366672747,-0.006648697137067528,1.2179839716876524
static_random_forest,2025-06-17,5,5,"SAND.ST,SHBa.ST,HEXAb.ST,SKFb.ST,ADDTb.ST",0.007292774835944151,0.00979123371330728,1.2299095374135085
static_random_forest,2025-06-25,5,5,"AZN.ST,INDUc.ST,INVEb.ST,HEXAb.ST,VOLVb.ST",0.007292834871166898,0.026090596206205997,1.261998610524326
static_random_forest,2025-07-02,5,5,"SAABb.ST,HEXAb.ST,ADDTb.ST,ATCOa.ST,BOL.ST",0.00703447904744659,0.017899341674647084,1.2845875548470307
static_random_forest,2025-07-09,5,5,"HEXAb.ST,NIBEb.ST,EQTAB.ST,ADDTb.ST,ALFA.ST",0.004387222618400505,0.0064886827044414504,1.2929228358965075
static_random_forest,2025-07-16,5,5,"EVOG.ST,NIBEb.ST,ESSITYb.ST,AZN.ST,SKAb.ST",0.004274520166426536,0.023171075743815474,1.3228812488579742
static_random_forest,2025-07-23,5,5,"SAABb.ST,ATCOa.ST,ERICb.ST,ESSITYb.ST,NIBEb.ST",0.006001530038209596,-0.007838982895363156,1.3125112053755799
static_random_forest,2025-07-30,5,5,"SAABb.ST,ERICb.ST,ESSITYb.ST,NIBEb.ST,ATCOa.ST",0.004953597136274308,-0.0041256749607490265,1.3070962107598594
static_random_forest,2025-08-06,5,5,"SAABb.ST,NIBEb.ST,ERICb.ST,ESSITYb.ST,ATCOa.ST",0.00517985340786962,0.00488803919172236,1.3134853482654052
static_random_forest,2025-08-13,5,5,"SAABb.ST,EVOG.ST,NIBEb.ST,ATCOa.ST,EPIRa.ST",0.006896049530894387,0.004355143655753691,1.3192057656468286
static_random_forest,2025-08-20,5,5,"SAABb.ST,NIBEb.ST,EVOG.ST,ERICb.ST,ESSITYb.ST",0.008690709350917303,-0.004073496153275902,1.3138319860350869
static_random_forest,2025-08-27,5,5,"SAABb.ST,EVOG.ST,LIFCOb.ST,ERICb.ST,ATCOa.ST",0.014273017481604349,-0.03324526301507478,1.2701532961017323
static_random_forest,2025-09-03,5,5,"SAABb.ST,NIBEb.ST,EVOG.ST,EPIRa.ST,ERICb.ST",0.008308295595777745,0.013098336971599522,1.2867901919796607
static_random_forest,2025-09-10,5,5,"SAABb.ST,LIFCOb.ST,ADDTb.ST,EQTAB.ST,EVOG.ST",0.006846164982519299,-0.008354902547271049,1.2760391853268864
static_random_forest,2025-09-17,5,5,"SAABb.ST,NIBEb.ST,LIFCOb.ST,ALFA.ST,EVOG.ST",0.00711048190248984,0.0047447542739014635,1.282093677705132
static_random_forest,2025-09-24,5,5,"SAABb.ST,LIFCOb.ST,NIBEb.ST,ATCOa.ST,EPIRa.ST",0.003599618795957956,0.03168138339354072,1.322712179054943
static_random_forest,2025-10-01,5,5,"SAABb.ST,EVOG.ST,LIFCOb.ST,NIBEb.ST,ATCOa.ST",0.005268321517776218,-0.011367298577178863,1.3076765147839546
static_random_forest,2025-10-08,5,5,"SAABb.ST,EVOG.ST,ADDTb.ST,NIBEb.ST,EPIRa.ST",0.00563804172103549,-0.025050209012450808,1.2749189447679434
static_random_forest,2025-10-15,5,5,"ADDTb.ST,EVOG.ST,ERICb.ST,NIBEb.ST,VOLVb.ST",0.004005650874547391,-0.004261564897957415,1.2694857949451794
static_random_forest,2025-10-22,5,5,"SAABb.ST,EVOG.ST,VOLVb.ST,ERICb.ST,ADDTb.ST",0.0043152627432950065,0.019225035795629997,1.2938917047950445
static_random_forest,2025-10-29,5,5,"SAABb.ST,NIBEb.ST,EVOG.ST,ERICb.ST,VOLVb.ST",0.0047135857629757635,-0.01680600986876708,1.272146548035143
static_random_forest,2025-11-05,5,5,"EVOG.ST,SAABb.ST,VOLVb.ST,ERICb.ST,EQTAB.ST",0.005898109521310435,0.02524536526822818,1.3042623523150056
static_random_forest,2025-11-12,5,5,"ERICb.ST,VOLVb.ST,EVOG.ST,SAABb.ST,TEL2b.ST",0.004346250575678497,-0.02413747203945127,1.2727807562538933
static_random_forest,2025-11-19,5,5,"NIBEb.ST,ERICb.ST,ADDTb.ST,VOLVb.ST,EVOG.ST",0.007456674286781068,0.04256680813041749,1.3269589704974405
static_random_forest,2025-11-26,5,5,"ERICb.ST,TEL2b.ST,SAABb.ST,EVOG.ST,NIBEb.ST",0.005766395315838518,-0.006430159104005928,1.318426413192654
static_random_forest,2025-12-03,5,5,"ERICb.ST,SAABb.ST,TEL2b.ST,EVOG.ST,NIBEb.ST",0.006064324535470978,0.011678486143517408,1.3338236377903716
static_random_forest,2025-12-10,5,5,"ERICb.ST,SAABb.ST,NIBEb.ST,EVOG.ST,ADDTb.ST",0.0055194831534437026,-0.008396285247299962,1.3226244740578923
static_random_forest,2025-12-17,5,5,"ERICb.ST,SAABb.ST,HEXAb.ST,EVOG.ST,ADDTb.ST",0.0051079837828117225,0.02361999265219672,1.3538648544167553
walk_forward_random_forest,2024-02-09,5,5,"ESSITYb.ST,EQTAB.ST,HMb.ST,BOL.ST,SCAb.ST",0.013804445852501518,0.007613226195319766,1.0076132261953197
walk_forward_random_forest,2024-02-16,5,5,"ESSITYb.ST,HMb.ST,SCAb.ST,AZN.ST,ERICb.ST",0.01681500221501466,-0.006694626215278343,1.0008676322763712
walk_forward_random_forest,2024-02-23,5,5,"ESSITYb.ST,EQTAB.ST,SCAb.ST,HMb.ST,BOL.ST",0.01611849891115635,0.00856996612080867,1.0094450339763938
walk_forward_random_forest,2024-03-01,5,5,"ESSITYb.ST,NIBEb.ST,HMb.ST,AZN.ST,BOL.ST",0.00909488022983394,0.026946330010696372,1.0366458729895804
walk_forward_random_forest,2024-03-08,5,5,"HMb.ST,ESSITYb.ST,NIBEb.ST,ERICb.ST,SCAb.ST",0.0042914106300740345,-0.005981618989556558,1.0304450523502606
walk_forward_random_forest,2024-03-15,5,5,"ESSITYb.ST,HMb.ST,BOL.ST,NIBEb.ST,SAABb.ST",0.004568991926849142,0.014689387384151065,1.0455816589023155
walk_forward_random_forest,2024-03-22,5,5,"HMb.ST,ERICb.ST,NIBEb.ST,ABB.ST,ADDTb.ST",0.003789070997627965,0.021001503935775934,1.0675404462269276
walk_forward_random_forest,2024-04-02,5,5,"NIBEb.ST,SHBa.ST,ERICb.ST,SAABb.ST,SCAb.ST",0.005114176607560373,-0.02548888448536175,1.0403300311095978
walk_forward_random_forest,2024-04-09,5,5,"ERICb.ST,SHBa.ST,NIBEb.ST,SCAb.ST,SAABb.ST",0.00412761290355777,-0.01129832408147884,1.0285760452664265
walk_forward_random_forest,2024-04-16,5,5,"NIBEb.ST,SAABb.ST,SCAb.ST,ERICb.ST,BOL.ST",0.0034392893997221364,0.024675917262347767,1.053957102657454
walk_forward_random_forest,2024-04-23,5,5,"EQTAB.ST,NIBEb.ST,SCAb.ST,ERICb.ST,HMb.ST",0.004472905705551584,-0.0005127586619101621,1.0534166770237845
walk_forward_random_forest,2024-04-30,5,5,"AZN.ST,SAABb.ST,NIBEb.ST,EQTAB.ST,HMb.ST",0.012644265974852329,0.05599759930838437,1.112405482008532
walk_forward_random_forest,2024-05-08,5,5,"AZN.ST,SAABb.ST,NIBEb.ST,EQTAB.ST,HMb.ST",0.009922490122866617,0.018503986856005183,1.1329894184261662
walk_forward_random_forest,2024-05-16,5,5,"AZN.ST,BOL.ST,HMb.ST,SHBa.ST,SAABb.ST",0.013819705078987216,0.015127173070337152,1.1501283454455593
walk_forward_random_forest,2024-05-23,5,5,"BOL.ST,HMb.ST,SAABb.ST,SHBa.ST,VOLVb.ST",0.005378439075981398,0.0002201645445133016,1.150381562928866
walk_forward_random_forest,2024-05-30,5,5,"SHBa.ST,BOL.ST,EQTAB.ST,HMb.ST,SAABb.ST",0.006455679465797615,-0.0044994038936520655,1.1452055316454384
walk_forward_random_forest,2024-06-07,5,5,"SHBa.ST,BOL.ST,HMb.ST,VOLVb.ST,EQTAB.ST",0.004745799557612502,-0.007671940923281872,1.136419582461639
walk_forward_random_forest,2024-06-14,5,5,"SAABb.ST,NIBEb.ST,SHBa.ST,EQTAB.ST,HMb.ST",0.008172296819823382,-0.0017677199463957739,1.1344107108982469
walk_forward_random_forest,2024-06-24,5,5,"SAABb.ST,SHBa.ST,EQTAB.ST,HMb.ST,EVOG.ST",0.0064561173208377036,-0.020196387790826175,1.111499712266879
walk_forward_random_forest,2024-07-01,5,5,"SAABb.ST,EQTAB.ST,NIBEb.ST,EVOG.ST,VOLVb.ST",0.006725275712509306,0.015864861444659796,1.1291335011977721
walk_forward_random_forest,2024-07-08,5,5,"SAABb.ST,EVOG.ST,HMb.ST,EQTAB.ST,VOLVb.ST",0.0066392748572898395,0.042429981212643096,1.1770426144401596
walk_forward_random_forest,2024-07-15,5,5,"SAABb.ST,HMb.ST,EQTAB.ST,SAND.ST,EVOG.ST",0.0051158473414193205,-0.05663621390094573,1.1103793771581982
walk_forward_random_forest,2024-07-22,5,5,"SAABb.ST,SHBa.ST,HMb.ST,SKFb.ST,EQTAB.ST",0.0054891601072550745,0.005858705834329525,1.1168847632934742
walk_forward_random_forest,2024-07-29,5,5,"HMb.ST,SAABb.ST,BOL.ST,SCAb.ST,SKFb.ST",0.004654087287525616,-0.05706540131285023,1.0531492860559244
walk_forward_random_forest,2024-08-05,5,5,"HMb.ST,SAND.ST,SHBa.ST,SCAb.ST,ALFA.ST",0.004571000752145506,0.015536141832619043,1.0695111627350107
walk_forward_random_forest,2024-08-12,5,5,"NIBEb.ST,HMb.ST,SAABb.ST,SHBa.ST,EQTAB.ST",0.005748261117781725,0.02821210858120522,1.099684327786902
walk_forward_random_forest,2024-08-19,5,5,"HMb.ST,ADDTb.ST,NIBEb.ST,SAABb.ST,ATCOa.ST",0.005769771238101178,0.003724200968607638,1.1037797732256085
walk_forward_random_forest,2024-08-26,5,5,"SAABb.ST,ADDTb.ST,HEXAb.ST,SHBa.ST,EQTAB.ST",0.005032644096974665,-0.0169339722453407,1.0850883971808376
walk_forward_random_forest,2024-09-02,5,5,"ADDTb.ST,ATCOa.ST,SAABb.ST,HMb.ST,BOL.ST",0.004503168886192017,-0.034958607394546704,1.0471552179154147
walk_forward_random_forest,2024-09-09,5,5,"ADDTb.ST,NIBEb.ST,SAABb.ST,HMb.ST,EQTAB.ST",0.006431422220488472,0.07030732596802647,1.1207779011605135
walk_forward_random_forest,2024-09-16,5,5,"ADDTb.ST,NIBEb.ST,SAABb.ST,EQTAB.ST,HMb.ST",0.006029562203135977,-0.012862545312656803,1.1063618446214118
walk_forward_random_forest,2024-09-23,5,5,"ADDTb.ST,NIBEb.ST,SAABb.ST,EVOG.ST,EQTAB.ST",0.005159913655474464,0.027701408652939886,1.13700962619729
walk_forward_random_forest,2024-09-30,5,5,"SAABb.ST,ADDTb.ST,HEXAb.ST,EQTAB.ST,BOL.ST",0.0044208658986268565,-0.018242054781731066,1.1162682343088435
walk_forward_random_forest,2024-10-07,5,5,"HEXAb.ST,SAABb.ST,EQTAB.ST,ADDTb.ST,NDASE.ST",0.003961418618043063,-0.015588111867342037,1.098867720198477
walk_forward_random_forest,2024-10-14,5,5,"SAABb.ST,EQTAB.ST,HEXAb.ST,NIBEb.ST,ADDTb.ST",0.004253109503372251,0.018687984007544012,1.1194033425799523
walk_forward_random_forest,2024-10-21,5,5,"ADDTb.ST,SAABb.ST,EQTAB.ST,SAND.ST,NIBEb.ST",0.00483401187373089,0.009384654482325682,1.1299085561764257
walk_forward_random_forest,2024-10-28,5,5,"NIBEb.ST,EPIRa.ST,HEXAb.ST,EVOG.ST,SAABb.ST",0.00437491076624163,-0.018174202410634988,1.109373369370967
walk_forward_random_forest,2024-11-04,5,5,"EVOG.ST,SAABb.ST,VOLVb.ST,NIBEb.ST,AZN.ST",0.004483013149084146,-0.013705291520698748,1.0941690839384381
walk_forward_random_forest,2024-11-11,5,5,"HEXAb.ST,HMb.ST,EVOG.ST,NIBEb.ST,BOL.ST",0.0046315541468509285,-0.01043770007514615,1.0827484752087915
walk_forward_random_forest,2024-11-18,5,5,"HMb.ST,NIBEb.ST,BOL.ST,VOLVb.ST,EQTAB.ST",0.004756690666745561,0.013040212859399469,1.0968677457987042
walk_forward_random_forest,2024-11-25,5,5,"ADDTb.ST,HEXAb.ST,HMb.ST,BOL.ST,NIBEb.ST",0.005545212833946936,0.03409912778477735,1.1342699792256947
walk_forward_random_forest,2024-12-02,5,5,"NIBEb.ST,AZN.ST,EVOG.ST,ADDTb.ST,ATCOa.ST",0.005171365360359535,0.0023475011751286747,1.1369326793348402
walk_forward_random_forest,2024-12-09,5,5,"EVOG.ST,NIBEb.ST,SAABb.ST,ADDTb.ST,ATCOa.ST",0.003725485518517769,-0.03181376510149407,1.1007625701382693
walk_forward_random_forest,2024-12-16,5,5,"HMb.ST,EQTAB.ST,EVOG.ST,SAABb.ST,BOL.ST",0.0047244643107167816,-0.019492542677423685,1.0793059087621384
walk_forward_random_forest,2024-12-23,5,5,"EVOG.ST,ATCOa.ST,HMb.ST,BOL.ST,EQTAB.ST",0.006511355215121503,0.014180623275558534,1.0946111392533786
walk_forward_random_forest,2025-01-07,5,5,"ATCOa.ST,SAND.ST,EVOG.ST,HMb.ST,NIBEb.ST",0.005732243567451607,0.005913667362952313,1.1010843054227053
walk_forward_random_forest,2025-01-14,5,5,"AZN.ST,ATCOa.ST,BOL.ST,HEXAb.ST,NIBEb.ST",0.006937980788412621,0.04689877263852256,1.1527238079185704
walk_forward_random_forest,2025-01-21,5,5,"EVOG.ST,HMb.ST,NIBEb.ST,ADDTb.ST,SAABb.ST",0.004912075393886456,0.024263780060694053,1.1806932448646323
walk_forward_random_forest,2025-01-28,5,5,"SAABb.ST,NIBEb.ST,ERICb.ST,EVOG.ST,HMb.ST",0.003909535969383432,-0.021504828904185213,1.1553026386454912
walk_forward_random_forest,2025-02-04,5,5,"ERICb.ST,NIBEb.ST,EVOG.ST,HMb.ST,ESSITYb.ST",0.005054638899204711,0.017722174087625376,1.1757771131314596
walk_forward_random_forest,2025-02-11,5,5,"SAABb.ST,EVOG.ST,ERICb.ST,ASSAb.ST,ATCOa.ST",0.003799109943271123,0.07221863648058773,1.2606901330468954
walk_forward_random_forest,2025-02-18,5,5,"SAABb.ST,EVOG.ST,NIBEb.ST,ERICb.ST,HMb.ST",0.005999317310878517,0.030906830599370806,1.2996540694272738
walk_forward_random_forest,2025-02-25,5,5,"NIBEb.ST,EVOG.ST,EPIRa.ST,EQTAB.ST,HMb.ST",0.005149818614802346,-0.03281095336324802,1.25701118036694
walk_forward_random_forest,2025-03-04,5,5,"ESSITYb.ST,NIBEb.ST,EVOG.ST,HMb.ST,ATCOa.ST",0.004964290969738676,-0.014865239644535877,1.2383254079349244
walk_forward_random_forest,2025-03-11,5,5,"SAABb.ST,EVOG.ST,ERICb.ST,ESSITYb.ST,VOLVb.ST",0.013215414826585245,0.0018671144847292043,1.2406375032408878
walk_forward_random_forest,2025-03-18,5,5,"SAABb.ST,ERICb.ST,EPIRa.ST,ABB.ST,EVOG.ST",0.007319487303582553,-0.01858371558737688,1.2175818487336258
walk_forward_random_forest,2025-03-25,5,5,"SAABb.ST,ALFA.ST,SAND.ST,SHBa.ST,EPIRa.ST",0.008215271432250428,-0.07445038665133621,1.1269324093157587
walk_forward_random_forest,2025-04-01,5,5,"SAABb.ST,ABB.ST,ERICb.ST,HMb.ST,ALFA.ST",0.010528125717987055,-0.08123565231260203,1.0353853199327807
walk_forward_random_forest,2025-04-08,5,5,"SAABb.ST,ATCOa.ST,ABB.ST,HMb.ST,EVOG.ST",0.020707814813674747,0.09878747066186114,1.137668416849362
walk_forward_random_forest,2025-04-15,5,5,"SAABb.ST,SKFb.ST,EQTAB.ST,BOL.ST,INDUc.ST",0.02975844913734123,0.03692800135821621,1.179680237691975
walk_forward_random_forest,2025-04-24,5,5,"SAABb.ST,HEXAb.ST,ASSAb.ST,ATCOa.ST,AZN.ST",0.02369041354919076,0.027580674804235494,1.2122166147007407
walk_forward_random_forest,2025-05-02,5,5,"ABB.ST,ASSAb.ST,SAND.ST,EQTAB.ST,EVOG.ST",0.006676893348504957,0.029805650703007492,1.2483475196948932
walk_forward_random_forest,2025-05-09,5,5,"SAABb.ST,BOL.ST,HEXAb.ST,ALFA.ST,ATCOa.ST",0.004454226432888595,0.011988911535303303,1.2633138476738306
walk_forward_random_forest,2025-05-16,5,5,"HEXAb.ST,ALFA.ST,ATCOa.ST,VOLVb.ST,INVEb.ST",0.009938404992509227,-0.023742475116381768,1.2333196500812542
walk_forward_random_forest,2025-05-23,5,5,"HEXAb.ST,VOLVb.ST,EQTAB.ST,EVOG.ST,SAABb.ST",0.012425668753840819,-0.001684559358468163,1.2312420499227272
walk_forward_random_forest,2025-06-02,5,5,"ALFA.ST,ATCOa.ST,AZN.ST,BOL.ST,ESSITYb.ST",0.008626113013340935,0.007572421105818639,1.2405655332079335
walk_forward_random_forest,2025-06-10,5,5,"EQTAB.ST,ATCOa.ST,BOL.ST,HEXAb.ST,INDUc.ST",0.00871489391737632,-0.04206852730774009,1.1883767681971344
walk_forward_random_forest,2025-06-17,5,5,"AZN.ST,SKFb.ST,INDUc.ST,ALFA.ST,HEXAb.ST",0.007616282125100926,-0.003028901777254256,1.1847772916918946
walk_forward_random_forest,2025-06-25,5,5,"SAABb.ST,EVOG.ST,ALFA.ST,AZN.ST,HEXAb.ST",0.017352215366680607,0.015873894463723094,1.2035843213832274
walk_forward_random_forest,2025-07-02,5,5,"SAABb.ST,EQTAB.ST,HEXAb.ST,EVOG.ST,TELIA.ST",0.00818575929626714,0.012923713742977317,1.2191391006183199
walk_forward_random_forest,2025-07-09,5,5,"EQTAB.ST,HEXAb.ST,NIBEb.ST,ABB.ST,ADDTb.ST",0.0041124331923703865,0.022713353144790883,1.2468298375432867
walk_forward_random_forest,2025-07-16,5,5,"SAABb.ST,ESSITYb.ST,NIBEb.ST,TELIA.ST,ABB.ST",0.00468227830096008,0.0457440710151108,1.3038649101756257
walk_forward_random_forest,2025-07-23,5,5,"ESSITYb.ST,ERICb.ST,ATCOa.ST,BOL.ST,EQTAB.ST",0.003794830658577498,-0.019772971474002077,1.278083626500771
walk_forward_random_forest,2025-07-30,5,5,"ERICb.ST,SAABb.ST,ATCOa.ST,SCAb.ST,BOL.ST",0.00575413127873774,0.014450193831260205,1.2965521826362671
walk_forward_random_forest,2025-08-06,5,5,"SAABb.ST,ATCOa.ST,ERICb.ST,BOL.ST,VOLVb.ST",0.005096499633954714,0.012687331028796267,1.3130019693734818
walk_forward_random_forest,2025-08-13,5,5,"SAABb.ST,LIFCOb.ST,EVOG.ST,ATCOa.ST,ESSITYb.ST",0.007326203649980094,0.0115829150727087,1.328210359675034
walk_forward_random_forest,2025-08-20,5,5,"SAABb.ST,ERICb.ST,ESSITYb.ST,ATCOa.ST,BOL.ST",0.00808020270190228,0.025235875804243378,1.3617289113537028
walk_forward_random_forest,2025-08-27,5,5,"SAABb.ST,LIFCOb.ST,ESSITYb.ST,EVOG.ST,VOLVb.ST",0.006991433043968959,-0.04390550903283217,1.301941510335994
walk_forward_random_forest,2025-09-03,5,5,"SAABb.ST,EPIRa.ST,LIFCOb.ST,ESSITYb.ST,ERICb.ST",0.006391599416466215,0.01402034310925988,1.3201951770190925
walk_forward_random_forest,2025-09-10,5,5,"SAABb.ST,LIFCOb.ST,EPIRa.ST,ERICb.ST,ABB.ST",0.006542244866862915,-0.010963096985128828,1.3057217492541329
walk_forward_random_forest,2025-09-17,5,5,"SAABb.ST,LIFCOb.ST,ERICb.ST,ABB.ST,ADDTb.ST",0.008079062200962998,0.017556959898080305,1.3286462536438388
walk_forward_random_forest,2025-09-24,5,5,"ESSITYb.ST,LIFCOb.ST,SAABb.ST,EPIRa.ST,ERICb.ST",0.004189993151867696,0.015421222465885665,1.349135603099746
walk_forward_random_forest,2025-10-01,5,5,"SAABb.ST,LIFCOb.ST,NIBEb.ST,EPIRa.ST,ESSITYb.ST",0.0034182589675769565,0.004789949783666691,1.3555978948899507
walk_forward_random_forest,2025-10-08,5,5,"ADDTb.ST,SAABb.ST,NIBEb.ST,ABB.ST,ALFA.ST",0.0035605280658345256,-0.017374082847671744,1.3320456247560033
walk_forward_random_forest,2025-10-15,5,5,"SAABb.ST,ADDTb.ST,EVOG.ST,VOLVb.ST,LIFCOb.ST",0.0058609683833520405,0.0038978565419015344,1.3372377475085697
walk_forward_random_forest,2025-10-22,5,5,"NIBEb.ST,VOLVb.ST,EVOG.ST,ADDTb.ST,ABB.ST",0.0043083908117835445,0.0020290960238837697,1.3399511313050267
walk_forward_random_forest,2025-10-29,5,5,"NIBEb.ST,SAABb.ST,VOLVb.ST,ABB.ST,ADDTb.ST",0.003238283572361568,-0.022337676713927834,1.3100197361214732
walk_forward_random_forest,2025-11-05,5,5,"NIBEb.ST,VOLVb.ST,EVOG.ST,TEL2b.ST,ABB.ST",0.0041137932006643,0.0069327453659850935,1.3191017693764182
walk_forward_random_forest,2025-11-12,5,5,"NIBEb.ST,VOLVb.ST,TEL2b.ST,EVOG.ST,ADDTb.ST",0.0052469638606482795,-0.04171623959826953,1.2640738039106103
walk_forward_random_forest,2025-11-19,5,5,"ADDTb.ST,SAABb.ST,VOLVb.ST,TEL2b.ST,SCAb.ST",0.0056994970788574765,0.025791566678615752,1.2966762477108622
walk_forward_random_forest,2025-11-26,5,5,"NIBEb.ST,TEL2b.ST,SAABb.ST,EVOG.ST,ABB.ST",0.005744063302048604,-0.0020630549920199305,1.2940011333049886
walk_forward_random_forest,2025-12-03,5,5,"EVOG.ST,TEL2b.ST,SAABb.ST,NIBEb.ST,ABB.ST",0.004684178668203304,0.012383571152596052,1.310025488410811
walk_forward_random_forest,2025-12-10,5,5,"EVOG.ST,TEL2b.ST,ABB.ST,ADDTb.ST,ALFA.ST",0.0028281501853684456,-0.0032917309883386146,1.3057132369150957
walk_forward_random_forest,2025-12-17,5,5,"HEXAb.ST,EVOG.ST,SAABb.ST,ABB.ST,ADDTb.ST",0.003965541322855404,0.025266211094411295,1.3387036631877596
