Date;Close price
31-Mar-2026;2 916,990
30-Mar-2026;2 890,291
27-Mar-2026;2 863,918
26-Mar-2026;2 889,812
25-Mar-2026;2 943,348
24-Mar-2026;2 908,351
23-Mar-2026;2 892,186
20-Mar-2026;2 864,693
19-Mar-2026;2 908,966
18-Mar-2026;3 015,273
17-Mar-2026;3 023,592
16-Mar-2026;3 027,731
13-Mar-2026;3 018,719
12-Mar-2026;3 063,089
11-Mar-2026;3 058,955
10-Mar-2026;3 082,614
09-Mar-2026;2 992,864
06-Mar-2026;3 038,549
05-Mar-2026;3 077,209
04-Mar-2026;3 118,014
03-Mar-2026;3 082,966
02-Mar-2026;3 168,388
27-Feb-2026;3 222,753
26-Feb-2026;3 205,277
25-Feb-2026;3 195,566
24-Feb-2026;3 190,867
23-Feb-2026;3 166,647
20-Feb-2026;3 180,456
19-Feb-2026;3 157,963
18-Feb-2026;3 166,108
17-Feb-2026;3 130,122
16-Feb-2026;3 121,803
13-Feb-2026;3 119,756
12-Feb-2026;3 123,649
11-Feb-2026;3 145,475
10-Feb-2026;3 136,544
09-Feb-2026;3 136,558
06-Feb-2026;3 120,449
05-Feb-2026;3 089,670
04-Feb-2026;3 117,929
03-Feb-2026;3 087,346
02-Feb-2026;3 066,861
30-Jan-2026;3 026,568
29-Jan-2026;3 031,392
28-Jan-2026;3 027,467
27-Jan-2026;3 043,945
26-Jan-2026;3 024,151
23-Jan-2026;3 013,634
22-Jan-2026;3 003,061
21-Jan-2026;2 988,020
20-Jan-2026;2 976,371
19-Jan-2026;2 984,581
16-Jan-2026;3 039,091
15-Jan-2026;3 036,642
14-Jan-2026;2 983,908
13-Jan-2026;2 983,897
12-Jan-2026;2 984,211
09-Jan-2026;2 974,602
08-Jan-2026;2 937,939
07-Jan-2026;2 963,308
05-Jan-2026;2 901,784
02-Jan-2026;2 881,191
30-Dec-2025;2 882,969
29-Dec-2025;2 863,640
23-Dec-2025;2 849,094
22-Dec-2025;2 845,062
19-Dec-2025;2 841,269
18-Dec-2025;2 827,905
17-Dec-2025;2 794,945
16-Dec-2025;2 812,833
15-Dec-2025;2 832,712
12-Dec-2025;2 821,013
11-Dec-2025;2 829,044
10-Dec-2025;2 810,589
09-Dec-2025;2 808,732
08-Dec-2025;2 823,910
05-Dec-2025;2 826,621
04-Dec-2025;2 813,605
03-Dec-2025;2 779,824
02-Dec-2025;2 783,527
01-Dec-2025;2 784,529
28-Nov-2025;2 787,769
27-Nov-2025;2 789,440
26-Nov-2025;2 779,442
25-Nov-2025;2 758,161
24-Nov-2025;2 725,349
21-Nov-2025;2 699,347
20-Nov-2025;2 701,947
19-Nov-2025;2 685,836
18-Nov-2025;2 673,726
17-Nov-2025;2 736,127
14-Nov-2025;2 757,120
13-Nov-2025;2 780,581
12-Nov-2025;2 806,047
11-Nov-2025;2 790,978
10-Nov-2025;2 759,937
07-Nov-2025;2 733,107
06-Nov-2025;2 744,303
05-Nov-2025;2 751,404
04-Nov-2025;2 741,083
03-Nov-2025;2 755,438
31-Oct-2025;2 767,067
30-Oct-2025;2 782,769
29-Oct-2025;2 777,907
28-Oct-2025;2 789,516
27-Oct-2025;2 797,730
24-Oct-2025;2 786,894
23-Oct-2025;2 757,095
22-Oct-2025;2 745,537
21-Oct-2025;2 754,247
20-Oct-2025;2 736,167
17-Oct-2025;2 701,402
16-Oct-2025;2 741,828
15-Oct-2025;2 738,138
14-Oct-2025;2 721,195
13-Oct-2025;2 709,029
10-Oct-2025;2 707,498
09-Oct-2025;2 730,055
08-Oct-2025;2 733,491
07-Oct-2025;2 722,116
06-Oct-2025;2 741,293
03-Oct-2025;2 728,966
02-Oct-2025;2 708,591
01-Oct-2025;2 677,090
30-Sep-2025;2 662,799
29-Sep-2025;2 652,033
26-Sep-2025;2 644,621
25-Sep-2025;2 623,508
24-Sep-2025;2 645,356
23-Sep-2025;2 671,130
22-Sep-2025;2 647,623
19-Sep-2025;2 646,401
18-Sep-2025;2 634,845
17-Sep-2025;2 616,039
16-Sep-2025;2 614,199
15-Sep-2025;2 637,441
12-Sep-2025;2 635,331
11-Sep-2025;2 635,913
10-Sep-2025;2 629,154
09-Sep-2025;2 632,929
08-Sep-2025;2 640,243
05-Sep-2025;2 626,647
04-Sep-2025;2 607,539
03-Sep-2025;2 597,204
02-Sep-2025;2 577,634
01-Sep-2025;2 630,381
29-Aug-2025;2 625,702
28-Aug-2025;2 643,735
27-Aug-2025;2 645,631
26-Aug-2025;2 656,848
25-Aug-2025;2 668,499
22-Aug-2025;2 689,346
21-Aug-2025;2 646,584
20-Aug-2025;2 655,238
19-Aug-2025;2 659,864
18-Aug-2025;2 625,743
15-Aug-2025;2 640,697
14-Aug-2025;2 632,920
13-Aug-2025;2 612,885
12-Aug-2025;2 609,155
11-Aug-2025;2 590,762
08-Aug-2025;2 602,980
07-Aug-2025;2 593,761
06-Aug-2025;2 566,534
05-Aug-2025;2 562,751
04-Aug-2025;2 552,671
01-Aug-2025;2 533,593
31-Jul-2025;2 580,054
30-Jul-2025;2 605,965
29-Jul-2025;2 602,920
28-Jul-2025;2 589,493
25-Jul-2025;2 606,318
24-Jul-2025;2 600,220
23-Jul-2025;2 592,547
22-Jul-2025;2 537,348
21-Jul-2025;2 551,665
18-Jul-2025;2 546,703
17-Jul-2025;2 555,632
16-Jul-2025;2 512,316
15-Jul-2025;2 532,418
14-Jul-2025;2 532,281
11-Jul-2025;2 545,045
10-Jul-2025;2 580,289
09-Jul-2025;2 536,428
08-Jul-2025;2 522,333
07-Jul-2025;2 514,438
04-Jul-2025;2 512,525
03-Jul-2025;2 529,496
02-Jul-2025;2 522,352
01-Jul-2025;2 491,017
30-Jun-2025;2 493,495
27-Jun-2025;2 506,166
26-Jun-2025;2 450,743
25-Jun-2025;2 444,295
24-Jun-2025;2 452,439
23-Jun-2025;2 424,039
19-Jun-2025;2 447,135
18-Jun-2025;2 458,589
17-Jun-2025;2 461,397
16-Jun-2025;2 485,321
13-Jun-2025;2 459,606
12-Jun-2025;2 481,486
11-Jun-2025;2 499,440
10-Jun-2025;2 512,204
09-Jun-2025;2 512,852
06-Jun-2025;
05-Jun-2025;2 521,506
04-Jun-2025;2 510,469
03-Jun-2025;2 487,710
02-Jun-2025;2 481,282
30-May-2025;2 496,039
28-May-2025;2 510,160
27-May-2025;2 517,791
26-May-2025;2 510,869
23-May-2025;2 479,564
22-May-2025;2 501,566
21-May-2025;2 547,842
20-May-2025;2 563,060
19-May-2025;2 548,893
16-May-2025;2 544,041
15-May-2025;2 542,319
14-May-2025;2 517,957
13-May-2025;2 528,715
12-May-2025;2 525,244
09-May-2025;2 448,967
08-May-2025;2 449,200
07-May-2025;2 431,644
06-May-2025;2 428,938
05-May-2025;2 464,743
02-May-2025;2 462,539
01-May-2025;
30-Apr-2025;2 434,057
29-Apr-2025;2 411,775
28-Apr-2025;2 428,049
25-Apr-2025;2 426,973
24-Apr-2025;2 398,844
23-Apr-2025;2 392,336
22-Apr-2025;2 364,187
17-Apr-2025;2 355,579
16-Apr-2025;2 372,594
15-Apr-2025;2 390,686
14-Apr-2025;2 338,701
11-Apr-2025;2 277,596
10-Apr-2025;2 280,573
09-Apr-2025;2 175,765
08-Apr-2025;2 237,255
07-Apr-2025;2 179,391
04-Apr-2025;2 287,236
03-Apr-2025;2 385,160
02-Apr-2025;2 478,692
01-Apr-2025;2 509,775
31-Mar-2025;2 494,058
28-Mar-2025;2 542,674
27-Mar-2025;2 572,806
26-Mar-2025;2 604,031
25-Mar-2025;2 641,376
24-Mar-2025;2 630,763
21-Mar-2025;2 629,358
20-Mar-2025;2 668,763
19-Mar-2025;2 677,937
18-Mar-2025;2 685,501
17-Mar-2025;2 685,190
14-Mar-2025;2 682,376
13-Mar-2025;2 647,841
12-Mar-2025;2 656,405
11-Mar-2025;2 652,672
10-Mar-2025;2 710,522
07-Mar-2025;2 729,213
06-Mar-2025;2 733,021
05-Mar-2025;2 723,991
04-Mar-2025;2 656,245
03-Mar-2025;2 744,744
28-Feb-2025;2 724,696
27-Feb-2025;2 741,951
26-Feb-2025;2 762,504
25-Feb-2025;2 724,728
24-Feb-2025;2 713,622
21-Feb-2025;2 724,260
20-Feb-2025;2 725,089
19-Feb-2025;2 710,233
18-Feb-2025;2 757,276
17-Feb-2025;2 743,261
14-Feb-2025;2 716,991
13-Feb-2025;2 724,249
12-Feb-2025;2 678,968
11-Feb-2025;2 666,870
10-Feb-2025;2 658,287
07-Feb-2025;2 639,755
06-Feb-2025;2 665,745
05-Feb-2025;2 629,109
04-Feb-2025;2 638,464
03-Feb-2025;2 632,636
31-Jan-2025;2 670,536
30-Jan-2025;2 662,312
29-Jan-2025;2 657,328
28-Jan-2025;2 635,630
27-Jan-2025;2 646,922
24-Jan-2025;2 669,734
23-Jan-2025;2 672,653
22-Jan-2025;2 647,990
21-Jan-2025;2 638,418
20-Jan-2025;2 616,685
17-Jan-2025;2 617,407
16-Jan-2025;2 585,860
15-Jan-2025;2 570,832
14-Jan-2025;2 521,220
13-Jan-2025;2 514,813
10-Jan-2025;2 523,726
09-Jan-2025;2 549,579
08-Jan-2025;2 541,287
07-Jan-2025;2 543,151
03-Jan-2025;2 511,416
02-Jan-2025;2 508,829
30-Dec-2024;2 483,123
27-Dec-2024;2 490,186
23-Dec-2024;2 469,870
20-Dec-2024;2 474,648
19-Dec-2024;2 481,096
18-Dec-2024;2 537,626
17-Dec-2024;2 533,070
16-Dec-2024;2 544,604
13-Dec-2024;2 556,343
12-Dec-2024;2 573,976
11-Dec-2024;2 588,439
10-Dec-2024;2 595,486
09-Dec-2024;2 617,800
06-Dec-2024;2 614,268
05-Dec-2024;2 606,083
04-Dec-2024;2 594,378
03-Dec-2024;2 573,695
02-Dec-2024;2 548,133
29-Nov-2024;2 513,846
28-Nov-2024;2 508,923
27-Nov-2024;2 497,675
26-Nov-2024;2 495,796
25-Nov-2024;2 512,451
22-Nov-2024;2 514,102
21-Nov-2024;2 496,310
20-Nov-2024;2 484,490
19-Nov-2024;2 493,476
18-Nov-2024;2 506,913
15-Nov-2024;2 509,987
14-Nov-2024;2 531,389
13-Nov-2024;2 512,563
12-Nov-2024;2 514,231
11-Nov-2024;2 576,425
08-Nov-2024;2 558,744
07-Nov-2024;2 584,724
06-Nov-2024;2 553,132
05-Nov-2024;2 574,127
04-Nov-2024;2 571,984
01-Nov-2024;2 557,222
31-Oct-2024;2 542,408
30-Oct-2024;2 578,383
29-Oct-2024;2 610,765
28-Oct-2024;2 624,085
25-Oct-2024;2 592,281
24-Oct-2024;2 578,086
23-Oct-2024;2 581,328
22-Oct-2024;2 571,513
21-Oct-2024;2 576,204
18-Oct-2024;2 594,304
17-Oct-2024;2 585,813
16-Oct-2024;2 580,091
15-Oct-2024;2 577,065
14-Oct-2024;2 598,245
11-Oct-2024;2 588,716
10-Oct-2024;2 573,911
09-Oct-2024;2 594,907
08-Oct-2024;2 587,890
07-Oct-2024;2 602,656
04-Oct-2024;2 603,795
03-Oct-2024;2 594,498
02-Oct-2024;2 620,656
01-Oct-2024;2 611,344
30-Sep-2024;2 626,438
27-Sep-2024;2 639,446
26-Sep-2024;2 642,428
25-Sep-2024;2 610,907
24-Sep-2024;2 590,010
23-Sep-2024;2 583,846
20-Sep-2024;2 579,151
19-Sep-2024;2 592,913
18-Sep-2024;2 544,245
17-Sep-2024;2 555,900
16-Sep-2024;2 529,745
13-Sep-2024;2 525,180
12-Sep-2024;2 510,539
11-Sep-2024;2 489,955
10-Sep-2024;2 495,760
09-Sep-2024;2 511,443
06-Sep-2024;2 480,992
05-Sep-2024;2 509,304
04-Sep-2024;2 531,720
03-Sep-2024;2 565,778
02-Sep-2024;2 589,981
30-Aug-2024;2 595,958
29-Aug-2024;2 587,901
28-Aug-2024;2 562,536
27-Aug-2024;2 556,748
26-Aug-2024;2 567,124
23-Aug-2024;2 559,273
22-Aug-2024;2 541,098
21-Aug-2024;2 523,940
20-Aug-2024;2 527,293
19-Aug-2024;2 540,826
16-Aug-2024;2 533,093
15-Aug-2024;2 522,812
14-Aug-2024;2 494,185
13-Aug-2024;2 472,956
12-Aug-2024;2 460,903
09-Aug-2024;2 458,593
08-Aug-2024;2 450,394
07-Aug-2024;2 442,132
06-Aug-2024;2 402,956
05-Aug-2024;2 411,256
02-Aug-2024;2 467,005
01-Aug-2024;2 547,176
31-Jul-2024;2 609,328
30-Jul-2024;2 595,248
29-Jul-2024;2 580,001
26-Jul-2024;2 578,749
25-Jul-2024;2 562,372
24-Jul-2024;2 570,970
23-Jul-2024;2 596,425
22-Jul-2024;2 593,429
19-Jul-2024;2 570,630
18-Jul-2024;2 597,789
17-Jul-2024;2 597,555
16-Jul-2024;2 613,583
15-Jul-2024;2 605,292
12-Jul-2024;2 630,609
11-Jul-2024;2 574,275
10-Jul-2024;2 548,399
09-Jul-2024;2 534,215
08-Jul-2024;2 564,303
05-Jul-2024;2 556,535
04-Jul-2024;2 571,871
03-Jul-2024;2 565,265
02-Jul-2024;2 554,124
01-Jul-2024;2 584,832
28-Jun-2024;2 569,454
27-Jun-2024;2 557,865
26-Jun-2024;2 572,243
25-Jun-2024;2 561,566
24-Jun-2024;2 594,544
20-Jun-2024;2 573,771
19-Jun-2024;2 554,206
18-Jun-2024;2 566,489
17-Jun-2024;2 558,513
14-Jun-2024;2 561,600
13-Jun-2024;2 587,111
12-Jun-2024;2 627,116
11-Jun-2024;2 586,963
10-Jun-2024;2 600,716
07-Jun-2024;2 623,589
05-Jun-2024;2 609,722
04-Jun-2024;2 587,702
03-Jun-2024;2 612,016
31-May-2024;2 604,104
30-May-2024;2 593,075
29-May-2024;2 583,500
28-May-2024;2 616,286
27-May-2024;2 630,296
24-May-2024;2 624,500
23-May-2024;2 641,467
22-May-2024;2 634,506
21-May-2024;2 631,492
20-May-2024;2 632,170
17-May-2024;2 602,199
16-May-2024;2 608,817
15-May-2024;2 627,519
14-May-2024;2 632,853
13-May-2024;2 624,758
10-May-2024;2 627,868
08-May-2024;2 589,102
07-May-2024;2 593,172
06-May-2024;2 563,789
03-May-2024;2 540,077
02-May-2024;2 525,209
01-May-2024;
30-Apr-2024;2 556,398
29-Apr-2024;2 566,807
26-Apr-2024;2 557,695
25-Apr-2024;2 525,399
24-Apr-2024;2 543,211
23-Apr-2024;2 546,332
22-Apr-2024;2 511,406
19-Apr-2024;2 502,070
18-Apr-2024;2 517,686
17-Apr-2024;2 505,274
16-Apr-2024;2 491,756
15-Apr-2024;2 523,395
12-Apr-2024;2 506,991
11-Apr-2024;2 499,704
10-Apr-2024;2 519,055
09-Apr-2024;2 513,504
08-Apr-2024;2 522,359
05-Apr-2024;2 504,799
04-Apr-2024;2 521,862
03-Apr-2024;2 513,519
02-Apr-2024;2 508,650
28-Mar-2024;2 518,275
27-Mar-2024;2 537,374
26-Mar-2024;2 547,971
25-Mar-2024;2 526,067
22-Mar-2024;2 534,342
21-Mar-2024;2 550,501
20-Mar-2024;2 510,441
19-Mar-2024;2 514,925
18-Mar-2024;2 504,801
15-Mar-2024;2 533,620
14-Mar-2024;2 527,853
13-Mar-2024;2 527,465
12-Mar-2024;2 521,907
11-Mar-2024;2 479,355
08-Mar-2024;2 487,695
07-Mar-2024;2 471,574
06-Mar-2024;2 460,814
05-Mar-2024;2 449,036
04-Mar-2024;2 455,363
01-Mar-2024;2 461,490
29-Feb-2024;2 452,805
28-Feb-2024;2 447,214
27-Feb-2024;2 442,222
26-Feb-2024;2 438,636
23-Feb-2024;2 435,446
22-Feb-2024;2 426,379
21-Feb-2024;2 414,974
20-Feb-2024;2 414,788
19-Feb-2024;2 410,326
16-Feb-2024;2 408,917
15-Feb-2024;2 385,242
14-Feb-2024;2 362,071
13-Feb-2024;2 352,767
12-Feb-2024;2 367,498
09-Feb-2024;2 352,419
08-Feb-2024;2 358,495
07-Feb-2024;2 356,432
06-Feb-2024;2 357,523
05-Feb-2024;2 339,885
02-Feb-2024;2 367,898
01-Feb-2024;2 364,812
31-Jan-2024;2 356,601
30-Jan-2024;2 368,364
29-Jan-2024;2 368,061
26-Jan-2024;2 370,130
25-Jan-2024;2 362,726
24-Jan-2024;2 351,099
23-Jan-2024;2 337,483
22-Jan-2024;2 330,549
19-Jan-2024;2 297,956
18-Jan-2024;2 309,951
17-Jan-2024;2 297,847
16-Jan-2024;2 323,785
15-Jan-2024;2 340,467
12-Jan-2024;2 355,965
11-Jan-2024;2 336,245
10-Jan-2024;2 341,937
09-Jan-2024;2 344,723
08-Jan-2024;2 357,772
05-Jan-2024;2 337,864
04-Jan-2024;2 361,899
03-Jan-2024;2 356,639
02-Jan-2024;2 394,929
29-Dec-2023;2 396,067
28-Dec-2023;2 389,007
27-Dec-2023;2 390,276
26-Dec-2023;
22-Dec-2023;2 377,046
21-Dec-2023;2 375,137
20-Dec-2023;2 390,844
19-Dec-2023;2 384,541
18-Dec-2023;2 374,170
15-Dec-2023;2 386,433
14-Dec-2023;2 365,253
13-Dec-2023;2 322,755
12-Dec-2023;2 334,728
11-Dec-2023;2 339,784
08-Dec-2023;2 313,011
07-Dec-2023;2 287,135
06-Dec-2023;2 289,636
05-Dec-2023;2 267,798
04-Dec-2023;2 253,800
01-Dec-2023;2 250,214
30-Nov-2023;2 232,462
29-Nov-2023;2 232,999
28-Nov-2023;2 214,806
27-Nov-2023;2 226,853
24-Nov-2023;2 229,372
23-Nov-2023;2 226,344
22-Nov-2023;2 213,183
21-Nov-2023;2 197,084
20-Nov-2023;2 206,341
17-Nov-2023;2 198,826
16-Nov-2023;2 171,535
15-Nov-2023;2 192,965
14-Nov-2023;2 169,979
13-Nov-2023;2 122,625
10-Nov-2023;2 115,380
09-Nov-2023;2 137,977
08-Nov-2023;2 114,320
07-Nov-2023;2 116,064
06-Nov-2023;2 123,496
03-Nov-2023;2 126,756
02-Nov-2023;2 110,802
01-Nov-2023;2 073,432
31-Oct-2023;2 075,791
30-Oct-2023;2 057,144
27-Oct-2023;2 049,653
26-Oct-2023;2 064,551
25-Oct-2023;2 073,840
24-Oct-2023;2 074,194
23-Oct-2023;2 066,497
20-Oct-2023;2 077,659
19-Oct-2023;2 121,832
18-Oct-2023;2 144,439
17-Oct-2023;2 172,247
16-Oct-2023;2 190,776
13-Oct-2023;2 189,838
12-Oct-2023;2 212,126
11-Oct-2023;2 193,709
10-Oct-2023;2 193,063
09-Oct-2023;2 133,263
06-Oct-2023;2 154,017
05-Oct-2023;2 127,064
04-Oct-2023;2 116,773
03-Oct-2023;2 125,055
02-Oct-2023;2 145,966
29-Sep-2023;2 155,486
28-Sep-2023;2 137,646
27-Sep-2023;2 130,323
26-Sep-2023;2 133,157
25-Sep-2023;2 156,122
22-Sep-2023;2 165,937
21-Sep-2023;2 178,825
20-Sep-2023;2 202,446
19-Sep-2023;2 177,199
18-Sep-2023;2 187,019
15-Sep-2023;2 195,197
14-Sep-2023;2 190,201
13-Sep-2023;2 162,462
12-Sep-2023;2 177,116
11-Sep-2023;2 184,557
08-Sep-2023;2 176,339
07-Sep-2023;2 185,578
06-Sep-2023;2 202,569
05-Sep-2023;2 203,702
04-Sep-2023;2 193,762
01-Sep-2023;2 186,206
31-Aug-2023;2 184,744
30-Aug-2023;2 185,077
29-Aug-2023;2 191,456
28-Aug-2023;2 174,309
25-Aug-2023;2 148,466
24-Aug-2023;2 145,743
23-Aug-2023;2 154,702
22-Aug-2023;2 153,645
21-Aug-2023;2 139,029
18-Aug-2023;2 145,657
17-Aug-2023;2 154,558
16-Aug-2023;2 180,558
15-Aug-2023;2 178,501
14-Aug-2023;2 203,301
11-Aug-2023;2 203,396
10-Aug-2023;2 223,172
09-Aug-2023;2 209,524
08-Aug-2023;2 194,440
07-Aug-2023;2 209,829
04-Aug-2023;2 209,640
03-Aug-2023;2 196,590
02-Aug-2023;2 222,740
01-Aug-2023;2 240,120
31-Jul-2023;2 250,920
28-Jul-2023;2 253,850
27-Jul-2023;2 254,150
26-Jul-2023;2 235,230
25-Jul-2023;2 259,090
24-Jul-2023;2 243,810
21-Jul-2023;2 227,450
20-Jul-2023;2 224,520
19-Jul-2023;2 235,750
18-Jul-2023;2 258,830
17-Jul-2023;2 243,130
14-Jul-2023;2 248,080
13-Jul-2023;2 261,200
12-Jul-2023;2 264,210
11-Jul-2023;2 247,960
10-Jul-2023;2 243,790
07-Jul-2023;2 246,190
06-Jul-2023;2 238,510
05-Jul-2023;2 279,420
04-Jul-2023;2 295,930
03-Jul-2023;2 294,590
30-Jun-2023;2 309,900
29-Jun-2023;2 284,770
28-Jun-2023;2 262,070
27-Jun-2023;2 244,600
26-Jun-2023;2 238,500
22-Jun-2023;2 235,410
21-Jun-2023;2 265,630
20-Jun-2023;2 281,160
19-Jun-2023;2 292,680
16-Jun-2023;2 322,640
15-Jun-2023;2 310,660
14-Jun-2023;2 312,750
13-Jun-2023;2 320,960
12-Jun-2023;2 299,500
09-Jun-2023;2 301,980
08-Jun-2023;2 302,980
07-Jun-2023;2 305,360
05-Jun-2023;2 293,060
02-Jun-2023;2 292,500
01-Jun-2023;2 252,430
31-May-2023;2 234,960
30-May-2023;2 255,000
29-May-2023;2 258,640
26-May-2023;2 272,200
25-May-2023;2 231,570
24-May-2023;2 229,890
23-May-2023;2 267,340
22-May-2023;2 283,310
19-May-2023;2 288,370
17-May-2023;2 246,200
16-May-2023;2 236,250
15-May-2023;2 251,240
12-May-2023;2 236,030
11-May-2023;2 229,910
10-May-2023;2 208,660
09-May-2023;2 223,580
08-May-2023;2 239,100
05-May-2023;2 240,480
04-May-2023;2 228,170
03-May-2023;2 238,760
02-May-2023;2 235,030
01-May-2023;
28-Apr-2023;2 270,580
27-Apr-2023;2 271,100
26-Apr-2023;2 240,080
25-Apr-2023;2 249,200
24-Apr-2023;2 259,820
21-Apr-2023;2 246,410
20-Apr-2023;2 248,820
19-Apr-2023;2 249,680
18-Apr-2023;2 256,280
17-Apr-2023;2 249,670
14-Apr-2023;2 249,470
13-Apr-2023;2 225,140
12-Apr-2023;2 215,150
11-Apr-2023;2 211,180
06-Apr-2023;2 184,730
05-Apr-2023;2 174,940
04-Apr-2023;2 215,910
03-Apr-2023;2 211,020
31-Mar-2023;2 223,740
30-Mar-2023;2 199,440
29-Mar-2023;2 149,360
28-Mar-2023;2 115,610
27-Mar-2023;2 111,770
24-Mar-2023;2 087,810
23-Mar-2023;2 136,000
22-Mar-2023;2 146,830
21-Mar-2023;2 145,400
20-Mar-2023;2 118,710
17-Mar-2023;2 088,020
16-Mar-2023;2 125,230
15-Mar-2023;2 096,800
14-Mar-2023;2 186,360
13-Mar-2023;2 156,580
10-Mar-2023;2 192,060
09-Mar-2023;2 245,110
08-Mar-2023;2 248,520
07-Mar-2023;2 244,660
06-Mar-2023;2 261,860
03-Mar-2023;2 252,760
02-Mar-2023;2 214,670
01-Mar-2023;2 214,680
28-Feb-2023;2 226,750
27-Feb-2023;2 234,990
24-Feb-2023;2 206,430
23-Feb-2023;2 227,580
22-Feb-2023;2 223,300
21-Feb-2023;2 223,490
20-Feb-2023;2 238,450
17-Feb-2023;2 249,380
16-Feb-2023;2 256,540
15-Feb-2023;2 255,140
14-Feb-2023;2 232,450
13-Feb-2023;2 233,180
10-Feb-2023;2 200,770
09-Feb-2023;2 235,370
08-Feb-2023;2 244,140
07-Feb-2023;2 254,800
06-Feb-2023;2 258,200
03-Feb-2023;2 294,520
02-Feb-2023;2 287,400
01-Feb-2023;2 210,130
31-Jan-2023;2 198,540
30-Jan-2023;2 200,080
27-Jan-2023;2 197,660
26-Jan-2023;2 190,530
25-Jan-2023;2 204,300
24-Jan-2023;2 216,170
23-Jan-2023;2 224,530
20-Jan-2023;2 197,420
19-Jan-2023;2 173,890
18-Jan-2023;2 218,740
17-Jan-2023;2 212,830
16-Jan-2023;2 225,100
13-Jan-2023;2 217,180
12-Jan-2023;2 225,270
11-Jan-2023;2 207,800
10-Jan-2023;2 180,700
09-Jan-2023;2 191,820
05-Jan-2023;2 137,440
04-Jan-2023;2 120,350
03-Jan-2023;2 090,030
02-Jan-2023;2 075,760
30-Dec-2022;2 043,400
29-Dec-2022;2 075,310
28-Dec-2022;2 052,760
27-Dec-2022;2 067,610
23-Dec-2022;2 054,330
22-Dec-2022;2 043,300
21-Dec-2022;2 065,130
20-Dec-2022;2 036,420
19-Dec-2022;2 047,980
16-Dec-2022;2 046,090
15-Dec-2022;2 079,520
14-Dec-2022;2 139,030
13-Dec-2022;2 140,700
12-Dec-2022;2 108,920
09-Dec-2022;2 116,450
08-Dec-2022;2 091,880
07-Dec-2022;2 088,430
06-Dec-2022;2 111,280
05-Dec-2022;2 139,690
02-Dec-2022;2 129,466
01-Dec-2022;2 125,090
30-Nov-2022;2 102,420
29-Nov-2022;2 092,240
28-Nov-2022;2 096,380
25-Nov-2022;2 116,740
24-Nov-2022;2 106,750
23-Nov-2022;2 109,840
22-Nov-2022;2 096,560
21-Nov-2022;2 082,570
18-Nov-2022;2 087,370
17-Nov-2022;2 067,080
16-Nov-2022;2 074,980
15-Nov-2022;2 098,010
14-Nov-2022;2 107,990
11-Nov-2022;2 108,670
10-Nov-2022;2 106,113
09-Nov-2022;2 033,120
08-Nov-2022;2 035,990
07-Nov-2022;2 008,620
04-Nov-2022;1 999,010
03-Nov-2022;1 960,060
02-Nov-2022;1 980,520
01-Nov-2022;1 974,990
31-Oct-2022;1 968,530
28-Oct-2022;1 974,280
27-Oct-2022;1 968,230
26-Oct-2022;1 970,060
25-Oct-2022;1 965,290
24-Oct-2022;1 938,730
21-Oct-2022;1 901,510
20-Oct-2022;1 905,991
19-Oct-2022;1 926,440
18-Oct-2022;1 938,560
17-Oct-2022;1 908,380
14-Oct-2022;1 869,020
13-Oct-2022;1 856,861
12-Oct-2022;1 834,360
11-Oct-2022;1 834,100
10-Oct-2022;1 836,910
07-Oct-2022;1 841,770
06-Oct-2022;1 883,040
05-Oct-2022;1 882,920
04-Oct-2022;1 909,640
03-Oct-2022;1 839,509
30-Sep-2022;1 828,980
29-Sep-2022;1 794,390
28-Sep-2022;1 838,770
27-Sep-2022;1 829,370
26-Sep-2022;1 811,780
23-Sep-2022;1 817,960
22-Sep-2022;1 837,910
21-Sep-2022;1 878,770
20-Sep-2022;1 856,670
19-Sep-2022;1 877,920
16-Sep-2022;1 881,510
15-Sep-2022;1 911,790
14-Sep-2022;1 916,360
13-Sep-2022;1 938,230
12-Sep-2022;1 974,540
09-Sep-2022;1 934,060
08-Sep-2022;1 907,310
07-Sep-2022;1 897,760
06-Sep-2022;1 903,250
05-Sep-2022;1 898,810
02-Sep-2022;1 925,040
01-Sep-2022;1 875,490
31-Aug-2022;1 920,230
30-Aug-2022;1 942,430
29-Aug-2022;1 940,130
26-Aug-2022;1 956,170
25-Aug-2022;1 987,320
24-Aug-2022;1 983,580
23-Aug-2022;1 985,630
22-Aug-2022;1 995,990
19-Aug-2022;2 037,970
18-Aug-2022;2 053,330
17-Aug-2022;2 034,760
16-Aug-2022;2 058,940
15-Aug-2022;2 036,670
12-Aug-2022;2 032,510
11-Aug-2022;2 024,480
10-Aug-2022;2 025,480
09-Aug-2022;1 987,680
08-Aug-2022;2 017,150
05-Aug-2022;1 998,570
04-Aug-2022;2 020,830
03-Aug-2022;2 005,580
02-Aug-2022;1 993,920
01-Aug-2022;2 011,110
29-Jul-2022;2 032,530
28-Jul-2022;1 996,020
27-Jul-2022;1 971,380
26-Jul-2022;1 962,960
25-Jul-2022;1 970,890
22-Jul-2022;1 979,700
21-Jul-2022;1 975,970
20-Jul-2022;1 961,310
19-Jul-2022;1 961,120
18-Jul-2022;1 930,500
15-Jul-2022;1 903,820
14-Jul-2022;1 903,510
13-Jul-2022;1 931,267
12-Jul-2022;1 968,810
11-Jul-2022;1 937,490
08-Jul-2022;1 971,040
07-Jul-2022;1 954,580
06-Jul-2022;1 918,672
05-Jul-2022;1 866,160
04-Jul-2022;1 893,560
01-Jul-2022;1 875,940
30-Jun-2022;1 872,680
29-Jun-2022;1 908,310
28-Jun-2022;1 913,140
27-Jun-2022;1 924,840
24-Jun-2022;1 865,540
23-Jun-2022;1 865,540
22-Jun-2022;1 895,840
21-Jun-2022;1 903,380
20-Jun-2022;1 895,240
17-Jun-2022;1 884,270
16-Jun-2022;1 890,330
15-Jun-2022;1 946,860
14-Jun-2022;1 931,390
13-Jun-2022;1 956,500
10-Jun-2022;1 990,800
09-Jun-2022;2 044,060
08-Jun-2022;2 069,930
07-Jun-2022;2 074,210
03-Jun-2022;2 069,410
02-Jun-2022;2 075,680
01-Jun-2022;2 041,260
31-May-2022;2 042,640
30-May-2022;2 075,280
27-May-2022;2 058,100
25-May-2022;1 981,820
24-May-2022;2 001,100
23-May-2022;2 018,870
20-May-2022;1 994,090
19-May-2022;1 992,400
18-May-2022;2 002,540
17-May-2022;2 027,340
16-May-2022;2 004,490
13-May-2022;2 011,330
12-May-2022;1 973,480
11-May-2022;1 977,470
10-May-2022;1 943,110
09-May-2022;1 914,820
06-May-2022;1 962,000
05-May-2022;1 985,130
04-May-2022;2 011,120
03-May-2022;2 034,460
02-May-2022;2 020,410
29-Apr-2022;2 058,900
28-Apr-2022;2 038,560
27-Apr-2022;2 048,690
26-Apr-2022;2 018,330
25-Apr-2022;2 050,640
22-Apr-2022;2 094,940
21-Apr-2022;2 126,440
20-Apr-2022;2 109,100
19-Apr-2022;2 097,890
14-Apr-2022;2 092,857
13-Apr-2022;2 098,580
12-Apr-2022;2 102,200
11-Apr-2022;2 097,710
08-Apr-2022;2 131,860
07-Apr-2022;2 108,040
06-Apr-2022;2 101,210
05-Apr-2022;2 132,520
04-Apr-2022;2 136,440
01-Apr-2022;2 119,620
31-Mar-2022;2 095,170
30-Mar-2022;2 130,300
29-Mar-2022;2 154,380
28-Mar-2022;2 124,930
25-Mar-2022;2 106,520
24-Mar-2022;2 134,160
23-Mar-2022;2 155,640
22-Mar-2022;2 182,780
21-Mar-2022;2 181,050
18-Mar-2022;2 178,830
17-Mar-2022;2 159,000
16-Mar-2022;2 167,150
15-Mar-2022;2 085,080
14-Mar-2022;2 096,440
11-Mar-2022;2 070,800
10-Mar-2022;2 038,920
09-Mar-2022;2 041,620
08-Mar-2022;1 972,040
07-Mar-2022;1 980,350
04-Mar-2022;1 985,540
03-Mar-2022;2 048,510
02-Mar-2022;2 096,530
01-Mar-2022;2 084,930
28-Feb-2022;2 134,070
25-Feb-2022;2 141,520
24-Feb-2022;2 078,060
23-Feb-2022;2 142,030
22-Feb-2022;2 157,920
21-Feb-2022;2 159,300
18-Feb-2022;2 197,720
17-Feb-2022;2 229,150
16-Feb-2022;2 263,410
15-Feb-2022;2 282,060
14-Feb-2022;2 240,970
11-Feb-2022;2 293,770
10-Feb-2022;2 314,260
09-Feb-2022;2 313,140
08-Feb-2022;2 274,400
07-Feb-2022;2 278,640
04-Feb-2022;2 254,300
03-Feb-2022;2 277,670
02-Feb-2022;2 324,480
01-Feb-2022;2 313,200
31-Jan-2022;2 290,160
28-Jan-2022;2 266,820
27-Jan-2022;2 270,120
26-Jan-2022;2 286,110
25-Jan-2022;2 239,720
24-Jan-2022;2 223,990
21-Jan-2022;2 314,060
20-Jan-2022;2 354,510
19-Jan-2022;2 332,960
18-Jan-2022;2 322,800
17-Jan-2022;2 363,120
14-Jan-2022;2 358,290
13-Jan-2022;2 397,960
12-Jan-2022;2 399,180
11-Jan-2022;2 379,190
10-Jan-2022;2 352,730
07-Jan-2022;2 400,952
05-Jan-2022;2 442,810
04-Jan-2022;2 456,170
03-Jan-2022;2 444,190
30-Dec-2021;2 419,730
29-Dec-2021;2 418,900
28-Dec-2021;2 420,470
27-Dec-2021;2 406,610
23-Dec-2021;2 385,630
22-Dec-2021;2 334,810
21-Dec-2021;2 319,520
20-Dec-2021;2 285,720
17-Dec-2021;2 305,920
16-Dec-2021;2 311,030
15-Dec-2021;2 293,460
14-Dec-2021;2 286,370
13-Dec-2021;2 310,350
10-Dec-2021;2 315,730
09-Dec-2021;2 323,890
08-Dec-2021;2 326,550
07-Dec-2021;2 334,850
06-Dec-2021;2 285,530
03-Dec-2021;2 240,830
02-Dec-2021;2 263,200
01-Dec-2021;2 290,720
30-Nov-2021;2 241,660
29-Nov-2021;2 272,270
26-Nov-2021;2 242,180
25-Nov-2021;2 335,590
24-Nov-2021;2 336,500
23-Nov-2021;2 334,310
22-Nov-2021;2 368,570
19-Nov-2021;2 373,920
18-Nov-2021;2 373,040
17-Nov-2021;2 384,100
16-Nov-2021;2 385,630
15-Nov-2021;2 374,470
12-Nov-2021;2 365,450
11-Nov-2021;2 346,460
10-Nov-2021;2 331,420
09-Nov-2021;2 327,120
08-Nov-2021;2 331,850
05-Nov-2021;2 324,900
04-Nov-2021;2 330,070
03-Nov-2021;2 317,670
02-Nov-2021;2 302,670
01-Nov-2021;2 302,260
29-Oct-2021;2 290,850
28-Oct-2021;2 313,240
27-Oct-2021;2 323,170
26-Oct-2021;2 344,200
25-Oct-2021;2 330,130
22-Oct-2021;2 348,840
21-Oct-2021;2 325,150
20-Oct-2021;2 326,250
19-Oct-2021;2 326,660
18-Oct-2021;2 311,700
15-Oct-2021;2 314,980
14-Oct-2021;2 296,770
13-Oct-2021;2 276,950
12-Oct-2021;2 251,010
11-Oct-2021;2 233,520
08-Oct-2021;2 240,220
07-Oct-2021;2 257,740
06-Oct-2021;2 221,060
05-Oct-2021;2 254,840
04-Oct-2021;2 233,300
01-Oct-2021;2 254,180
30-Sep-2021;2 259,180
29-Sep-2021;2 255,550
28-Sep-2021;2 254,020
27-Sep-2021;2 304,010
24-Sep-2021;2 313,270
23-Sep-2021;2 338,000
22-Sep-2021;2 299,150
21-Sep-2021;2 274,880
20-Sep-2021;2 272,460
17-Sep-2021;2 323,550
16-Sep-2021;2 344,030
15-Sep-2021;2 324,750
14-Sep-2021;2 341,770
13-Sep-2021;2 335,340
10-Sep-2021;2 349,670
09-Sep-2021;2 353,390
08-Sep-2021;2 347,160
07-Sep-2021;2 377,940
06-Sep-2021;2 394,260
03-Sep-2021;2 369,730
02-Sep-2021;2 388,400
01-Sep-2021;2 368,670
31-Aug-2021;2 351,250
30-Aug-2021;2 372,810
27-Aug-2021;2 373,140
26-Aug-2021;2 371,700
25-Aug-2021;2 376,160
24-Aug-2021;2 367,050
23-Aug-2021;2 371,550
20-Aug-2021;2 360,500
19-Aug-2021;2 330,300
18-Aug-2021;2 371,370
17-Aug-2021;2 383,450
16-Aug-2021;2 373,550
13-Aug-2021;2 407,040
12-Aug-2021;2 405,530
11-Aug-2021;2 401,490
10-Aug-2021;2 393,740
09-Aug-2021;2 384,760
06-Aug-2021;2 380,460
05-Aug-2021;2 393,680
04-Aug-2021;2 393,100
03-Aug-2021;2 380,140
02-Aug-2021;2 381,660
30-Jul-2021;2 369,890
29-Jul-2021;2 384,190
28-Jul-2021;2 381,890
27-Jul-2021;2 375,970
26-Jul-2021;2 387,660
23-Jul-2021;2 384,690
22-Jul-2021;2 352,350
21-Jul-2021;2 334,370
20-Jul-2021;2 303,540
19-Jul-2021;2 287,460
16-Jul-2021;2 338,800
15-Jul-2021;2 344,490
14-Jul-2021;2 356,340
13-Jul-2021;2 349,190
12-Jul-2021;2 337,730
09-Jul-2021;2 319,530
08-Jul-2021;2 289,940
07-Jul-2021;2 326,070
06-Jul-2021;2 288,700
05-Jul-2021;2 299,070
02-Jul-2021;2 288,930
01-Jul-2021;2 273,890
30-Jun-2021;2 263,130
29-Jun-2021;2 279,750
28-Jun-2021;2 256,340
24-Jun-2021;2 270,940
23-Jun-2021;2 242,240
22-Jun-2021;2 268,000
21-Jun-2021;2 265,870
18-Jun-2021;2 248,020
17-Jun-2021;2 272,810
16-Jun-2021;2 286,410
15-Jun-2021;2 280,070
14-Jun-2021;2 284,640
11-Jun-2021;2 278,600
10-Jun-2021;2 267,920
09-Jun-2021;2 272,290
08-Jun-2021;2 274,880
07-Jun-2021;2 267,710
04-Jun-2021;2 271,430
03-Jun-2021;2 273,350
02-Jun-2021;2 268,800
01-Jun-2021;2 264,530
31-May-2021;2 241,870
28-May-2021;2 255,450
27-May-2021;2 244,460
26-May-2021;2 227,070
25-May-2021;2 243,170
24-May-2021;2 245,040
21-May-2021;2 240,840
20-May-2021;2 240,280
19-May-2021;2 201,510
18-May-2021;2 249,680
17-May-2021;2 230,400
14-May-2021;2 247,880
12-May-2021;2 205,790
11-May-2021;2 193,760
10-May-2021;2 265,010
07-May-2021;2 260,130
06-May-2021;2 246,610
05-May-2021;2 255,490
04-May-2021;2 194,580
03-May-2021;2 231,590
30-Apr-2021;2 217,020
29-Apr-2021;2 232,840
28-Apr-2021;2 239,250
27-Apr-2021;2 262,840
26-Apr-2021;2 244,360
23-Apr-2021;2 240,950
22-Apr-2021;2 232,420
21-Apr-2021;2 228,290
20-Apr-2021;2 204,810
19-Apr-2021;2 257,600
16-Apr-2021;2 280,500
15-Apr-2021;2 242,980
14-Apr-2021;2 228,160
13-Apr-2021;2 247,210
12-Apr-2021;2 235,730
09-Apr-2021;2 250,400
08-Apr-2021;2 240,400
07-Apr-2021;2 229,560
06-Apr-2021;2 230,250
01-Apr-2021;2 202,610
31-Mar-2021;2 192,860
30-Mar-2021;2 205,410
29-Mar-2021;2 182,210
26-Mar-2021;2 198,800
25-Mar-2021;2 173,240
24-Mar-2021;2 184,600
23-Mar-2021;2 168,120
22-Mar-2021;2 174,630
19-Mar-2021;2 169,180
18-Mar-2021;2 179,990
17-Mar-2021;2 172,860
16-Mar-2021;2 180,140
15-Mar-2021;2 161,830
12-Mar-2021;2 168,960
11-Mar-2021;2 165,660
10-Mar-2021;2 134,460
09-Mar-2021;2 124,850
08-Mar-2021;2 103,100
05-Mar-2021;2 048,570
04-Mar-2021;2 065,150
03-Mar-2021;2 073,780
02-Mar-2021;2 067,100
01-Mar-2021;2 054,670
26-Feb-2021;2 009,900
25-Feb-2021;2 038,930
24-Feb-2021;2 037,250
23-Feb-2021;2 016,830
22-Feb-2021;2 031,040
19-Feb-2021;2 036,970
18-Feb-2021;2 015,810
17-Feb-2021;2 017,260
16-Feb-2021;2 038,070
15-Feb-2021;2 039,280
12-Feb-2021;2 024,720
11-Feb-2021;2 010,070
10-Feb-2021;1 998,060
09-Feb-2021;1 999,190
08-Feb-2021;2 002,520
05-Feb-2021;1 989,340
04-Feb-2021;2 006,330
03-Feb-2021;1 997,650
02-Feb-2021;1 988,490
01-Feb-2021;1 977,810
29-Jan-2021;1 948,790
28-Jan-2021;1 971,400
27-Jan-2021;1 976,200
26-Jan-2021;1 991,660
25-Jan-2021;1 975,060
22-Jan-2021;1 986,240
21-Jan-2021;1 987,260
20-Jan-2021;1 978,370
19-Jan-2021;1 957,850
18-Jan-2021;1 962,430
15-Jan-2021;1 954,710
14-Jan-2021;1 972,220
13-Jan-2021;1 962,260
12-Jan-2021;1 958,620
11-Jan-2021;1 941,490
08-Jan-2021;1 949,370
07-Jan-2021;1 939,490
05-Jan-2021;1 892,350
04-Jan-2021;1 895,490
30-Dec-2020;1 874,740
29-Dec-2020;1 893,060
28-Dec-2020;1 886,380
23-Dec-2020;1 867,990
22-Dec-2020;1 863,280
21-Dec-2020;1 845,110
18-Dec-2020;1 886,880
17-Dec-2020;1 885,180
16-Dec-2020;1 892,260
15-Dec-2020;1 889,840
14-Dec-2020;1 890,650
11-Dec-2020;1 891,220
10-Dec-2020;1 906,820
09-Dec-2020;1 926,420
08-Dec-2020;1 925,500
07-Dec-2020;1 907,610
04-Dec-2020;1 916,940
03-Dec-2020;1 912,180
02-Dec-2020;1 918,990
01-Dec-2020;1 924,000
30-Nov-2020;1 917,540
27-Nov-2020;1 937,090
26-Nov-2020;1 931,970
25-Nov-2020;1 931,430
24-Nov-2020;1 938,140
23-Nov-2020;1 921,770
20-Nov-2020;1 926,470
19-Nov-2020;1 915,400
18-Nov-2020;1 922,530
17-Nov-2020;1 922,200
16-Nov-2020;1 918,460
13-Nov-2020;1 897,300
12-Nov-2020;1 892,410
11-Nov-2020;1 902,890
10-Nov-2020;1 885,540
09-Nov-2020;1 888,740
06-Nov-2020;1 819,520
05-Nov-2020;1 822,210
04-Nov-2020;1 795,530
03-Nov-2020;1 772,270
02-Nov-2020;1 748,420
30-Oct-2020;1 717,620
29-Oct-2020;1 716,030
28-Oct-2020;1 722,660
27-Oct-2020;1 764,010
26-Oct-2020;1 775,010
23-Oct-2020;1 819,940
22-Oct-2020;1 816,290
21-Oct-2020;1 820,720
20-Oct-2020;1 841,590
19-Oct-2020;1 841,590
16-Oct-2020;1 835,300
15-Oct-2020;1 812,950
14-Oct-2020;1 840,850
13-Oct-2020;1 833,460
12-Oct-2020;1 855,390
09-Oct-2020;1 840,070
08-Oct-2020;1 841,400
07-Oct-2020;1 839,220
06-Oct-2020;1 839,150
05-Oct-2020;1 839,680
02-Oct-2020;1 813,690
01-Oct-2020;1 830,040
30-Sep-2020;1 829,400
29-Sep-2020;1 836,600
28-Sep-2020;1 834,640
25-Sep-2020;1 783,870
24-Sep-2020;1 777,510
23-Sep-2020;1 795,640
22-Sep-2020;1 781,920
21-Sep-2020;1 770,610
18-Sep-2020;1 835,360
17-Sep-2020;1 833,750
16-Sep-2020;1 838,260
15-Sep-2020;1 818,800
14-Sep-2020;1 802,690
11-Sep-2020;1 801,460
10-Sep-2020;1 802,850
09-Sep-2020;1 812,580
08-Sep-2020;1 782,600
07-Sep-2020;1 799,260
04-Sep-2020;1 761,990
03-Sep-2020;1 760,610
02-Sep-2020;1 782,860
01-Sep-2020;1 769,440
31-Aug-2020;1 766,330
28-Aug-2020;1 776,570
27-Aug-2020;1 793,970
26-Aug-2020;1 798,310
25-Aug-2020;1 786,270
24-Aug-2020;1 788,400
21-Aug-2020;1 753,130
20-Aug-2020;1 751,930
19-Aug-2020;1 775,240
18-Aug-2020;1 760,090
17-Aug-2020;1 773,530
14-Aug-2020;1 754,200
13-Aug-2020;1 786,800
12-Aug-2020;1 788,990
11-Aug-2020;1 786,280
10-Aug-2020;1 748,910
07-Aug-2020;1 740,460
06-Aug-2020;1 739,140
05-Aug-2020;1 745,490
04-Aug-2020;1 734,250
03-Aug-2020;1 746,320
31-Jul-2020;1 707,350
30-Jul-2020;1 720,280
29-Jul-2020;1 760,580
28-Jul-2020;1 754,250
27-Jul-2020;1 760,310
24-Jul-2020;1 750,240
23-Jul-2020;1 781,100
22-Jul-2020;1 779,850
21-Jul-2020;1 775,390
20-Jul-2020;1 784,540
17-Jul-2020;1 770,150
16-Jul-2020;1 754,550
15-Jul-2020;1 767,850
14-Jul-2020;1 738,600
13-Jul-2020;1 742,730
10-Jul-2020;1 711,620
09-Jul-2020;1 697,840
08-Jul-2020;1 712,530
07-Jul-2020;1 720,450
06-Jul-2020;1 730,880
03-Jul-2020;1 695,260
02-Jul-2020;1 703,820
01-Jul-2020;1 675,040
30-Jun-2020;1 664,380
29-Jun-2020;1 671,530
26-Jun-2020;1 657,660
25-Jun-2020;1 660,960
24-Jun-2020;1 642,910
23-Jun-2020;1 683,360
22-Jun-2020;1 657,710
18-Jun-2020;1 667,930
17-Jun-2020;1 677,530
16-Jun-2020;1 671,840
15-Jun-2020;1 616,140
12-Jun-2020;1 609,070
11-Jun-2020;1 609,060
10-Jun-2020;1 692,320
09-Jun-2020;1 696,700
08-Jun-2020;1 717,660
05-Jun-2020;1 730,510
04-Jun-2020;1 700,480
03-Jun-2020;1 709,960
02-Jun-2020;1 666,980
01-Jun-2020;1 649,380
29-May-2020;1 629,760
28-May-2020;1 657,580
27-May-2020;1 623,390
26-May-2020;1 606,650
25-May-2020;1 588,600
22-May-2020;1 555,490
20-May-2020;1 556,440
19-May-2020;1 560,280
18-May-2020;1 566,160
15-May-2020;1 493,620
14-May-2020;1 476,520
13-May-2020;1 522,640
12-May-2020;1 570,030
11-May-2020;1 556,490
08-May-2020;1 563,190
07-May-2020;1 537,740
06-May-2020;1 521,400
05-May-2020;1 538,180
04-May-2020;1 505,210
30-Apr-2020;1 577,920
29-Apr-2020;1 600,860
28-Apr-2020;1 568,500
27-Apr-2020;1 539,510
24-Apr-2020;1 514,130
23-Apr-2020;1 541,890
22-Apr-2020;1 527,630
21-Apr-2020;1 493,450
20-Apr-2020;1 541,170
17-Apr-2020;1 534,550
16-Apr-2020;1 483,790
15-Apr-2020;1 480,600
14-Apr-2020;1 535,840
09-Apr-2020;1 498,760
08-Apr-2020;1 499,510
07-Apr-2020;1 510,850
06-Apr-2020;1 461,230
03-Apr-2020;1 404,590
02-Apr-2020;1 427,190
01-Apr-2020;1 425,990
31-Mar-2020;1 482,430
30-Mar-2020;1 449,200
27-Mar-2020;1 419,290
26-Mar-2020;1 470,890
25-Mar-2020;1 446,560
24-Mar-2020;1 383,880
23-Mar-2020;1 292,270
20-Mar-2020;1 355,540
19-Mar-2020;1 380,580
18-Mar-2020;1 337,240
17-Mar-2020;1 372,790
16-Mar-2020;1 329,160
13-Mar-2020;1 376,460
12-Mar-2020;1 352,130
11-Mar-2020;1 511,960
10-Mar-2020;1 533,790
09-Mar-2020;1 542,440
06-Mar-2020;1 629,000
05-Mar-2020;1 683,190
04-Mar-2020;1 704,200
03-Mar-2020;1 694,560
02-Mar-2020;1 679,130
28-Feb-2020;1 668,840
27-Feb-2020;1 721,590
26-Feb-2020;1 782,100
25-Feb-2020;1 769,140
24-Feb-2020;1 798,200
21-Feb-2020;1 879,100
20-Feb-2020;1 898,930
19-Feb-2020;1 900,280
18-Feb-2020;1 878,790
17-Feb-2020;1 888,350
14-Feb-2020;1 885,620
13-Feb-2020;1 883,020
12-Feb-2020;1 889,750
11-Feb-2020;1 884,130
10-Feb-2020;1 858,000
07-Feb-2020;1 849,860
06-Feb-2020;1 851,950
05-Feb-2020;1 847,350
04-Feb-2020;1 821,040
03-Feb-2020;1 782,910
31-Jan-2020;1 783,260
30-Jan-2020;1 787,960
29-Jan-2020;1 791,670
28-Jan-2020;1 786,350
27-Jan-2020;1 771,480
24-Jan-2020;1 812,850
23-Jan-2020;1 795,430
22-Jan-2020;1 811,760
21-Jan-2020;1 825,620
20-Jan-2020;1 821,290
17-Jan-2020;1 825,940
16-Jan-2020;1 812,300
15-Jan-2020;1 787,290
14-Jan-2020;1 792,900
13-Jan-2020;1 790,510
10-Jan-2020;1 784,970
09-Jan-2020;1 796,730
08-Jan-2020;1 795,410
07-Jan-2020;1 796,850
03-Jan-2020;1 785,230
02-Jan-2020;1 808,630
30-Dec-2019;1 771,850
27-Dec-2019;1 798,040
24-Dec-2019;
23-Dec-2019;1 795,660
20-Dec-2019;1 794,800
19-Dec-2019;1 783,290
18-Dec-2019;1 787,960
17-Dec-2019;1 791,930
16-Dec-2019;1 787,660
13-Dec-2019;1 770,120
12-Dec-2019;1 758,240
11-Dec-2019;1 741,620
10-Dec-2019;1 735,510
09-Dec-2019;1 743,310
06-Dec-2019;1 742,610
05-Dec-2019;1 723,630
04-Dec-2019;1 725,600
03-Dec-2019;1 697,680
02-Dec-2019;1 706,820
29-Nov-2019;1 730,250
28-Nov-2019;1 735,300
27-Nov-2019;1 737,800
26-Nov-2019;1 740,990
25-Nov-2019;1 742,040
22-Nov-2019;1 724,190
21-Nov-2019;1 720,110
20-Nov-2019;1 729,060
19-Nov-2019;1 743,250
18-Nov-2019;1 745,170
15-Nov-2019;1 756,860
14-Nov-2019;1 757,420
13-Nov-2019;1 766,600
12-Nov-2019;1 774,720
11-Nov-2019;1 763,500
08-Nov-2019;1 772,560
07-Nov-2019;1 763,810
06-Nov-2019;1 762,790
05-Nov-2019;1 769,530
04-Nov-2019;1 771,030
01-Nov-2019;1 737,510
31-Oct-2019;1 733,680
30-Oct-2019;1 746,810
29-Oct-2019;1 742,320
28-Oct-2019;1 760,310
25-Oct-2019;1 747,300
24-Oct-2019;1 736,980
23-Oct-2019;1 725,870
22-Oct-2019;1 728,220
21-Oct-2019;1 724,360
18-Oct-2019;1 697,910
17-Oct-2019;1 682,870
16-Oct-2019;1 677,190
15-Oct-2019;1 670,210
14-Oct-2019;1 652,580
11-Oct-2019;1 653,280
10-Oct-2019;1 630,030
09-Oct-2019;1 620,000
08-Oct-2019;1 605,690
07-Oct-2019;1 617,990
04-Oct-2019;1 593,980
03-Oct-2019;1 588,410
02-Oct-2019;1 593,320
01-Oct-2019;1 635,640
30-Sep-2019;1 647,670
27-Sep-2019;1 646,600
26-Sep-2019;1 631,610
25-Sep-2019;1 620,670
24-Sep-2019;1 633,090
23-Sep-2019;1 637,660
20-Sep-2019;1 666,890
19-Sep-2019;1 664,640
18-Sep-2019;1 655,110
17-Sep-2019;1 649,330
16-Sep-2019;1 655,010
13-Sep-2019;1 665,350
12-Sep-2019;1 651,450
11-Sep-2019;1 637,620
10-Sep-2019;1 624,980
09-Sep-2019;1 610,700
06-Sep-2019;1 601,950
05-Sep-2019;1 597,340
04-Sep-2019;1 581,280
03-Sep-2019;1 568,660
02-Sep-2019;1 570,190
30-Aug-2019;1 576,980
29-Aug-2019;1 558,740
28-Aug-2019;1 529,130
27-Aug-2019;1 530,810
26-Aug-2019;1 520,850
23-Aug-2019;1 522,850
22-Aug-2019;1 535,510
21-Aug-2019;1 543,470
20-Aug-2019;1 534,340
19-Aug-2019;1 538,970
16-Aug-2019;1 519,410
15-Aug-2019;1 495,710
14-Aug-2019;1 500,060
13-Aug-2019;1 538,530
12-Aug-2019;1 533,060
09-Aug-2019;1 531,520
08-Aug-2019;1 550,620
07-Aug-2019;1 528,190
06-Aug-2019;1 523,030
05-Aug-2019;1 535,100
02-Aug-2019;1 568,700
01-Aug-2019;1 612,910
31-Jul-2019;1 599,780
30-Jul-2019;1 600,260
29-Jul-2019;1 614,300
26-Jul-2019;1 610,640
25-Jul-2019;1 607,200
24-Jul-2019;1 613,060
23-Jul-2019;1 624,770
22-Jul-2019;1 600,880
19-Jul-2019;1 605,420
18-Jul-2019;1 577,410
17-Jul-2019;1 598,060
16-Jul-2019;1 630,570
15-Jul-2019;1 632,910
12-Jul-2019;1 625,620
11-Jul-2019;1 613,210
10-Jul-2019;1 622,450
09-Jul-2019;1 630,880
08-Jul-2019;1 642,070
05-Jul-2019;1 634,940
04-Jul-2019;1 652,250
03-Jul-2019;1 648,840
02-Jul-2019;1 647,020
01-Jul-2019;1 642,000
28-Jun-2019;1 622,430
27-Jun-2019;1 616,940
26-Jun-2019;1 604,230
25-Jun-2019;1 607,290
24-Jun-2019;1 610,940
20-Jun-2019;1 628,290
19-Jun-2019;1 612,400
18-Jun-2019;1 609,430
17-Jun-2019;1 586,530
14-Jun-2019;1 589,600
13-Jun-2019;1 598,120
12-Jun-2019;1 593,600
11-Jun-2019;1 593,360
10-Jun-2019;1 574,480
07-Jun-2019;1 566,140
05-Jun-2019;1 542,000
04-Jun-2019;1 537,310
03-Jun-2019;1 518,230
31-May-2019;1 510,460
29-May-2019;1 538,750
28-May-2019;1 565,120
27-May-2019;1 568,230
24-May-2019;1 571,520
23-May-2019;1 561,170
22-May-2019;1 595,640
21-May-2019;1 602,910
20-May-2019;1 588,900
17-May-2019;1 606,860
16-May-2019;1 615,380
15-May-2019;1 593,320
14-May-2019;1 590,820
13-May-2019;1 573,840
10-May-2019;1 603,370
09-May-2019;1 596,690
08-May-2019;1 623,370
07-May-2019;1 617,850
06-May-2019;1 649,220
03-May-2019;1 672,330
02-May-2019;1 665,450
01-May-2019;
30-Apr-2019;1 676,140
29-Apr-2019;1 693,310
26-Apr-2019;1 689,040
25-Apr-2019;1 689,420
24-Apr-2019;1 680,720
23-Apr-2019;1 672,180
18-Apr-2019;1 670,740
17-Apr-2019;1 660,140
16-Apr-2019;1 647,520
15-Apr-2019;1 642,630
12-Apr-2019;1 641,210
11-Apr-2019;1 627,030
10-Apr-2019;1 628,550
09-Apr-2019;1 616,560
08-Apr-2019;1 624,520
05-Apr-2019;1 622,270
04-Apr-2019;1 616,240
03-Apr-2019;1 622,380
02-Apr-2019;1 593,950
01-Apr-2019;1 580,330
29-Mar-2019;1 553,420
28-Mar-2019;1 559,320
27-Mar-2019;1 565,850
26-Mar-2019;1 574,160
25-Mar-2019;1 573,660
22-Mar-2019;1 576,870
21-Mar-2019;1 605,030
20-Mar-2019;1 605,990
19-Mar-2019;1 615,140
18-Mar-2019;1 605,010
15-Mar-2019;1 595,760
14-Mar-2019;1 590,760
13-Mar-2019;1 572,800
12-Mar-2019;1 565,560
11-Mar-2019;1 569,930
08-Mar-2019;1 558,630
07-Mar-2019;1 558,910
06-Mar-2019;1 572,630
05-Mar-2019;1 587,970
04-Mar-2019;1 587,790
01-Mar-2019;1 580,220
28-Feb-2019;1 572,680
27-Feb-2019;1 576,550
26-Feb-2019;1 583,950
25-Feb-2019;1 586,550
22-Feb-2019;1 588,830
21-Feb-2019;1 572,650
20-Feb-2019;1 588,610
19-Feb-2019;1 587,220
18-Feb-2019;1 583,860
15-Feb-2019;1 583,820
14-Feb-2019;1 562,360
13-Feb-2019;1 558,580
12-Feb-2019;1 549,410
11-Feb-2019;1 542,330
08-Feb-2019;1 527,170
07-Feb-2019;1 529,280
06-Feb-2019;1 551,150
05-Feb-2019;1 542,490
04-Feb-2019;1 527,190
01-Feb-2019;1 525,690
31-Jan-2019;1 515,420
30-Jan-2019;1 509,500
29-Jan-2019;1 502,720
28-Jan-2019;1 491,010
25-Jan-2019;1 501,120
24-Jan-2019;1 488,400
23-Jan-2019;1 478,720
22-Jan-2019;1 486,320
21-Jan-2019;1 493,760
18-Jan-2019;1 499,790
17-Jan-2019;1 473,890
16-Jan-2019;1 468,850
15-Jan-2019;1 455,480
14-Jan-2019;1 458,130
11-Jan-2019;1 465,430
10-Jan-2019;1 470,690
09-Jan-2019;1 470,510
08-Jan-2019;1 457,470
07-Jan-2019;1 439,930
04-Jan-2019;1 435,290
03-Jan-2019;1 393,520
02-Jan-2019;1 405,850
28-Dec-2018;1 408,740
27-Dec-2018;1 384,590
21-Dec-2018;1 408,340
20-Dec-2018;1 419,010
19-Dec-2018;1 450,110
18-Dec-2018;1 447,790
17-Dec-2018;1 451,950
14-Dec-2018;1 471,670
13-Dec-2018;1 478,750
12-Dec-2018;1 494,210
11-Dec-2018;1 465,290
10-Dec-2018;1 435,550
07-Dec-2018;1 454,030
06-Dec-2018;1 436,660
05-Dec-2018;1 478,960
04-Dec-2018;1 506,430
03-Dec-2018;1 529,780
30-Nov-2018;1 514,630
29-Nov-2018;1 515,380
28-Nov-2018;1 500,450
27-Nov-2018;1 496,410
26-Nov-2018;1 498,250
23-Nov-2018;1 477,350
22-Nov-2018;1 466,390
21-Nov-2018;1 478,440
20-Nov-2018;1 456,850
19-Nov-2018;1 482,490
16-Nov-2018;1 499,430
15-Nov-2018;1 489,790
14-Nov-2018;1 502,450
13-Nov-2018;1 520,260
12-Nov-2018;1 514,590
09-Nov-2018;1 530,510
08-Nov-2018;1 536,790
07-Nov-2018;1 538,690
06-Nov-2018;1 534,600
05-Nov-2018;1 539,010
02-Nov-2018;1 551,390
01-Nov-2018;1 531,260
31-Oct-2018;1 538,220
30-Oct-2018;1 516,000
29-Oct-2018;1 503,140
26-Oct-2018;1 485,270
25-Oct-2018;1 506,020
24-Oct-2018;1 501,470
23-Oct-2018;1 508,880
22-Oct-2018;1 526,050
19-Oct-2018;1 531,660
18-Oct-2018;1 543,870
17-Oct-2018;1 548,270
16-Oct-2018;1 554,160
15-Oct-2018;1 536,100
12-Oct-2018;1 536,460
11-Oct-2018;1 550,410
10-Oct-2018;1 595,130
09-Oct-2018;1 624,490
08-Oct-2018;1 621,190
05-Oct-2018;1 634,860
04-Oct-2018;1 648,960
03-Oct-2018;1 665,140
02-Oct-2018;1 656,900
01-Oct-2018;1 667,450
28-Sep-2018;1 662,360
27-Sep-2018;1 676,370
26-Sep-2018;1 658,290
25-Sep-2018;1 656,710
24-Sep-2018;1 655,010
21-Sep-2018;1 662,320
20-Sep-2018;1 645,840
19-Sep-2018;1 630,500
18-Sep-2018;1 625,450
17-Sep-2018;1 640,600
14-Sep-2018;1 634,740
13-Sep-2018;1 621,850
12-Sep-2018;1 618,810
11-Sep-2018;1 620,390
10-Sep-2018;1 624,250
07-Sep-2018;1 618,200
06-Sep-2018;1 632,420
05-Sep-2018;1 631,740
04-Sep-2018;1 645,950
03-Sep-2018;1 660,140
31-Aug-2018;1 658,160
30-Aug-2018;1 672,560
29-Aug-2018;1 677,220
28-Aug-2018;1 671,150
27-Aug-2018;1 665,100
24-Aug-2018;1 646,870
23-Aug-2018;1 643,710
22-Aug-2018;1 643,460
21-Aug-2018;1 637,600
20-Aug-2018;1 630,920
17-Aug-2018;1 622,710
16-Aug-2018;1 611,330
15-Aug-2018;1 593,590
14-Aug-2018;1 608,560
13-Aug-2018;1 611,800
10-Aug-2018;1 616,820
09-Aug-2018;1 631,230
08-Aug-2018;1 622,630
07-Aug-2018;1 619,890
06-Aug-2018;1 608,480
03-Aug-2018;1 611,950
02-Aug-2018;1 598,060
01-Aug-2018;1 612,540
31-Jul-2018;1 615,600
30-Jul-2018;1 611,070
27-Jul-2018;1 612,760
26-Jul-2018;1 608,800
25-Jul-2018;1 593,270
24-Jul-2018;1 601,380
23-Jul-2018;1 580,500
20-Jul-2018;1 579,400
19-Jul-2018;1 584,340
18-Jul-2018;1 570,420
17-Jul-2018;1 556,610
16-Jul-2018;1 552,750
13-Jul-2018;1 550,880
12-Jul-2018;1 541,520
11-Jul-2018;1 526,290
10-Jul-2018;1 548,380
09-Jul-2018;1 541,060
06-Jul-2018;1 524,170
05-Jul-2018;1 526,600
04-Jul-2018;1 522,340
03-Jul-2018;1 538,400
02-Jul-2018;1 540,860
29-Jun-2018;1 558,880
28-Jun-2018;1 531,660
27-Jun-2018;1 540,880
26-Jun-2018;1 529,230
25-Jun-2018;1 534,650
21-Jun-2018;1 549,550
20-Jun-2018;1 572,290
19-Jun-2018;1 564,870
18-Jun-2018;1 561,650
15-Jun-2018;1 570,430
14-Jun-2018;1 588,000
13-Jun-2018;1 571,070
12-Jun-2018;1 572,270
11-Jun-2018;1 571,180
08-Jun-2018;1 555,870
07-Jun-2018;1 555,650
05-Jun-2018;1 559,050
04-Jun-2018;1 564,730
01-Jun-2018;1 569,510
31-May-2018;1 549,940
30-May-2018;1 562,540
29-May-2018;1 572,300
28-May-2018;1 581,520
25-May-2018;1 586,980
24-May-2018;1 593,570
23-May-2018;1 602,100
22-May-2018;1 624,440
21-May-2018;1 626,250
18-May-2018;1 621,610
17-May-2018;1 618,950
16-May-2018;1 602,270
15-May-2018;1 606,720
14-May-2018;1 598,580
11-May-2018;1 603,250
09-May-2018;1 616,800
08-May-2018;1 608,940
07-May-2018;1 597,930
04-May-2018;1 577,080
03-May-2018;1 566,960
02-May-2018;1 590,970
30-Apr-2018;1 570,710
27-Apr-2018;1 580,780
26-Apr-2018;1 573,760
25-Apr-2018;1 557,290
24-Apr-2018;1 575,400
23-Apr-2018;1 587,650
20-Apr-2018;1 572,580
19-Apr-2018;1 558,230
18-Apr-2018;1 552,480
17-Apr-2018;1 545,160
16-Apr-2018;1 526,270
13-Apr-2018;1 526,660
12-Apr-2018;1 518,880
11-Apr-2018;1 504,710
10-Apr-2018;1 526,760
09-Apr-2018;1 511,320
06-Apr-2018;1 511,370
05-Apr-2018;1 527,220
04-Apr-2018;1 494,650
03-Apr-2018;1 508,800
29-Mar-2018;1 535,350
28-Mar-2018;1 512,130
27-Mar-2018;1 510,110
26-Mar-2018;1 496,590
23-Mar-2018;1 513,180
22-Mar-2018;1 515,840
21-Mar-2018;1 549,700
20-Mar-2018;1 551,970
19-Mar-2018;1 547,410
16-Mar-2018;1 573,480
15-Mar-2018;1 592,280
14-Mar-2018;1 585,310
13-Mar-2018;1 578,150
12-Mar-2018;1 593,830
09-Mar-2018;1 589,620
08-Mar-2018;1 585,530
07-Mar-2018;1 564,190
06-Mar-2018;1 559,940
05-Mar-2018;1 547,940
02-Mar-2018;1 526,460
01-Mar-2018;1 560,560
28-Feb-2018;1 583,390
27-Feb-2018;1 588,230
26-Feb-2018;1 586,960
23-Feb-2018;1 577,110
22-Feb-2018;1 573,880
21-Feb-2018;1 575,120
20-Feb-2018;1 569,680
19-Feb-2018;1 550,860
16-Feb-2018;1 556,930
15-Feb-2018;1 542,720
14-Feb-2018;1 532,150
13-Feb-2018;1 513,270
12-Feb-2018;1 521,620
09-Feb-2018;1 500,180
08-Feb-2018;1 519,770
07-Feb-2018;1 551,150
06-Feb-2018;1 511,600
05-Feb-2018;1 546,330
02-Feb-2018;1 584,790
01-Feb-2018;1 601,840
31-Jan-2018;1 593,150
30-Jan-2018;1 603,310
29-Jan-2018;1 610,400
26-Jan-2018;1 612,630
25-Jan-2018;1 604,490
24-Jan-2018;1 631,200
23-Jan-2018;1 643,710
22-Jan-2018;1 635,470
19-Jan-2018;1 630,620
18-Jan-2018;1 624,780
17-Jan-2018;1 622,850
16-Jan-2018;1 623,330
15-Jan-2018;1 627,290
12-Jan-2018;1 628,400
11-Jan-2018;1 630,290
10-Jan-2018;1 629,290
09-Jan-2018;1 632,290
08-Jan-2018;1 619,130
05-Jan-2018;1 611,310
04-Jan-2018;1 603,670
03-Jan-2018;1 587,560
02-Jan-2018;1 579,820
29-Dec-2017;1 576,940
28-Dec-2017;1 588,510
27-Dec-2017;1 594,990
22-Dec-2017;1 606,250
21-Dec-2017;1 616,270
20-Dec-2017;1 600,290
19-Dec-2017;1 611,430
18-Dec-2017;1 615,630
15-Dec-2017;1 594,350
14-Dec-2017;1 609,600
13-Dec-2017;1 619,820
12-Dec-2017;1 623,750
11-Dec-2017;1 619,470
08-Dec-2017;1 610,820
07-Dec-2017;1 599,290
06-Dec-2017;1 595,440
05-Dec-2017;1 613,360
04-Dec-2017;1 616,800
01-Dec-2017;1 592,200
30-Nov-2017;1 610,110
29-Nov-2017;1 613,560
28-Nov-2017;1 620,810
27-Nov-2017;1 608,740
24-Nov-2017;1 614,620
23-Nov-2017;1 612,570
22-Nov-2017;1 617,520
21-Nov-2017;1 636,650
20-Nov-2017;1 623,540
17-Nov-2017;1 617,700
16-Nov-2017;1 633,660
15-Nov-2017;1 627,000
14-Nov-2017;1 628,480
13-Nov-2017;1 630,510
10-Nov-2017;1 634,680
09-Nov-2017;1 643,260
08-Nov-2017;1 662,990
07-Nov-2017;1 670,240
06-Nov-2017;1 676,140
03-Nov-2017;1 677,650
02-Nov-2017;1 672,780
01-Nov-2017;1 672,030
31-Oct-2017;1 671,630
30-Oct-2017;1 662,320
27-Oct-2017;1 665,020
26-Oct-2017;1 658,790
25-Oct-2017;1 649,740
24-Oct-2017;1 650,470
23-Oct-2017;1 661,540
20-Oct-2017;1 667,500
19-Oct-2017;1 646,960
18-Oct-2017;1 644,730
17-Oct-2017;1 636,940
16-Oct-2017;1 638,330
13-Oct-2017;1 642,490
12-Oct-2017;1 644,650
11-Oct-2017;1 641,700
10-Oct-2017;1 644,340
09-Oct-2017;1 647,920
06-Oct-2017;1 646,280
05-Oct-2017;1 653,150
04-Oct-2017;1 651,090
03-Oct-2017;1 649,180
02-Oct-2017;1 640,650
29-Sep-2017;1 637,820
28-Sep-2017;1 624,980
27-Sep-2017;1 623,770
26-Sep-2017;1 610,760
25-Sep-2017;1 604,100
22-Sep-2017;1 600,770
21-Sep-2017;1 596,310
20-Sep-2017;1 585,380
19-Sep-2017;1 584,430
18-Sep-2017;1 582,780
15-Sep-2017;1 578,870
14-Sep-2017;1 587,520
13-Sep-2017;1 580,040
12-Sep-2017;1 580,130
11-Sep-2017;1 572,160
08-Sep-2017;1 552,320
07-Sep-2017;1 553,020
06-Sep-2017;1 541,270
05-Sep-2017;1 546,990
04-Sep-2017;1 551,890
01-Sep-2017;1 558,790
31-Aug-2017;1 546,860
30-Aug-2017;1 535,960
29-Aug-2017;1 520,900
28-Aug-2017;1 536,880
25-Aug-2017;1 540,820
24-Aug-2017;1 537,990
23-Aug-2017;1 542,140
22-Aug-2017;1 543,760
21-Aug-2017;1 524,250
18-Aug-2017;1 532,120
17-Aug-2017;1 540,090
16-Aug-2017;1 552,160
15-Aug-2017;1 543,370
14-Aug-2017;1 554,580
11-Aug-2017;1 538,960
10-Aug-2017;1 554,750
09-Aug-2017;1 571,200
08-Aug-2017;1 581,320
07-Aug-2017;1 575,470
04-Aug-2017;1 573,470
03-Aug-2017;1 559,660
02-Aug-2017;1 563,200
01-Aug-2017;1 566,310
31-Jul-2017;1 548,190
28-Jul-2017;1 557,560
27-Jul-2017;1 570,480
26-Jul-2017;1 580,220
25-Jul-2017;1 568,910
24-Jul-2017;1 566,880
21-Jul-2017;1 581,370
20-Jul-2017;1 597,840
19-Jul-2017;1 609,960
18-Jul-2017;1 607,360
17-Jul-2017;1 639,330
14-Jul-2017;1 646,830
13-Jul-2017;1 642,490
12-Jul-2017;1 650,590
11-Jul-2017;1 621,570
10-Jul-2017;1 624,810
07-Jul-2017;1 617,000
06-Jul-2017;1 620,990
05-Jul-2017;1 627,210
04-Jul-2017;1 621,670
03-Jul-2017;1 627,410
30-Jun-2017;1 602,530
29-Jun-2017;1 613,220
28-Jun-2017;1 630,980
27-Jun-2017;1 628,540
26-Jun-2017;1 643,520
22-Jun-2017;1 645,360
21-Jun-2017;1 641,710
20-Jun-2017;1 647,670
19-Jun-2017;1 653,400
16-Jun-2017;1 635,930
15-Jun-2017;1 624,970
14-Jun-2017;1 639,590
13-Jun-2017;1 648,610
12-Jun-2017;1 638,800
09-Jun-2017;1 654,800
08-Jun-2017;1 643,770
07-Jun-2017;1 640,540
05-Jun-2017;1 637,900
02-Jun-2017;1 646,670
01-Jun-2017;1 641,320
31-May-2017;1 639,110
30-May-2017;1 639,740
29-May-2017;1 631,910
26-May-2017;1 635,770
24-May-2017;1 638,890
23-May-2017;1 641,710
22-May-2017;1 629,210
19-May-2017;1 629,210
18-May-2017;1 615,270
17-May-2017;1 628,370
16-May-2017;1 653,060
15-May-2017;1 649,840
12-May-2017;1 646,450
11-May-2017;1 642,020
10-May-2017;1 649,650
09-May-2017;1 653,110
08-May-2017;1 639,490
05-May-2017;1 642,040
04-May-2017;1 638,330
03-May-2017;1 633,990
02-May-2017;1 636,510
28-Apr-2017;1 626,990
27-Apr-2017;1 616,580
26-Apr-2017;1 620,280
25-Apr-2017;1 617,050
24-Apr-2017;1 609,270
21-Apr-2017;1 573,250
20-Apr-2017;1 568,740
19-Apr-2017;1 565,730
18-Apr-2017;1 557,210
13-Apr-2017;1 572,810
12-Apr-2017;1 575,020
11-Apr-2017;1 570,910
10-Apr-2017;1 572,470
07-Apr-2017;1 569,670
06-Apr-2017;1 564,050
05-Apr-2017;1 558,560
04-Apr-2017;1 567,300
03-Apr-2017;1 571,410
31-Mar-2017;1 587,630
30-Mar-2017;1 583,880
29-Mar-2017;1 584,430
28-Mar-2017;1 580,090
27-Mar-2017;1 574,510
24-Mar-2017;1 579,700
23-Mar-2017;1 581,280
22-Mar-2017;1 562,960
21-Mar-2017;1 570,880
20-Mar-2017;1 583,250
17-Mar-2017;1 584,970
16-Mar-2017;1 593,250
15-Mar-2017;1 588,890
14-Mar-2017;1 586,000
13-Mar-2017;1 594,710
10-Mar-2017;1 587,930
09-Mar-2017;1 583,730
08-Mar-2017;1 578,230
07-Mar-2017;1 575,770
06-Mar-2017;1 575,520
03-Mar-2017;1 581,320
02-Mar-2017;1 580,530
01-Mar-2017;1 591,370
28-Feb-2017;1 570,170
27-Feb-2017;1 564,630
24-Feb-2017;1 569,860
23-Feb-2017;1 588,300
22-Feb-2017;1 582,130
21-Feb-2017;1 590,090
20-Feb-2017;1 576,330
17-Feb-2017;1 570,590
16-Feb-2017;1 576,330
15-Feb-2017;1 574,020
14-Feb-2017;1 569,750
13-Feb-2017;1 572,180
10-Feb-2017;1 562,730
09-Feb-2017;1 557,500
08-Feb-2017;1 549,240
07-Feb-2017;1 550,940
06-Feb-2017;1 548,900
03-Feb-2017;1 557,310
02-Feb-2017;1 551,850
01-Feb-2017;1 547,310
31-Jan-2017;1 536,750
30-Jan-2017;1 528,890
27-Jan-2017;1 538,760
26-Jan-2017;1 553,890
25-Jan-2017;1 545,990
24-Jan-2017;1 522,850
23-Jan-2017;1 504,690
20-Jan-2017;1 525,490
19-Jan-2017;1 513,920
18-Jan-2017;1 515,990
17-Jan-2017;1 507,320
16-Jan-2017;1 512,970
13-Jan-2017;1 522,490
12-Jan-2017;1 503,310
11-Jan-2017;1 511,880
10-Jan-2017;1 510,090
09-Jan-2017;1 509,820
05-Jan-2017;1 522,100
04-Jan-2017;1 530,930
03-Jan-2017;1 534,700
02-Jan-2017;1 526,830
30-Dec-2016;1 517,200
29-Dec-2016;1 518,370
28-Dec-2016;1 527,300
27-Dec-2016;1 533,310
23-Dec-2016;1 525,800
22-Dec-2016;1 519,540
21-Dec-2016;1 525,470
20-Dec-2016;1 536,720
19-Dec-2016;1 542,710
16-Dec-2016;1 548,200
15-Dec-2016;1 550,520
14-Dec-2016;1 541,390
13-Dec-2016;1 551,000
12-Dec-2016;1 537,930
09-Dec-2016;1 534,270
08-Dec-2016;1 520,150
07-Dec-2016;1 503,950
06-Dec-2016;1 492,170
05-Dec-2016;1 483,290
02-Dec-2016;1 470,080
01-Dec-2016;1 477,950
30-Nov-2016;1 481,140
29-Nov-2016;1 467,180
28-Nov-2016;1 472,680
25-Nov-2016;1 491,230
24-Nov-2016;1 484,330
23-Nov-2016;1 482,630
22-Nov-2016;1 485,050
21-Nov-2016;1 478,580
18-Nov-2016;1 476,470
17-Nov-2016;1 472,050
16-Nov-2016;1 458,250
15-Nov-2016;1 466,460
14-Nov-2016;1 443,080
11-Nov-2016;1 451,530
10-Nov-2016;1 460,520
09-Nov-2016;1 456,710
08-Nov-2016;1 439,430
07-Nov-2016;1 431,770
04-Nov-2016;1 406,100
03-Nov-2016;1 421,010
02-Nov-2016;1 417,370
01-Nov-2016;1 431,870
31-Oct-2016;1 446,350
28-Oct-2016;1 459,360
27-Oct-2016;1 456,550
26-Oct-2016;1 454,210
25-Oct-2016;1 451,270
24-Oct-2016;1 456,790
21-Oct-2016;1 464,850
20-Oct-2016;1 465,840
19-Oct-2016;1 455,270
18-Oct-2016;1 458,630
17-Oct-2016;1 438,280
14-Oct-2016;1 446,000
13-Oct-2016;1 426,690
12-Oct-2016;1 442,500
11-Oct-2016;1 455,410
10-Oct-2016;1 467,450
07-Oct-2016;1 451,650
06-Oct-2016;1 458,380
05-Oct-2016;1 452,500
04-Oct-2016;1 456,220
03-Oct-2016;1 443,460
30-Sep-2016;1 439,080
29-Sep-2016;1 434,810
28-Sep-2016;1 425,240
27-Sep-2016;1 421,200
26-Sep-2016;1 418,190
23-Sep-2016;1 437,520
22-Sep-2016;1 446,010
21-Sep-2016;1 422,660
20-Sep-2016;1 418,440
19-Sep-2016;1 419,010
16-Sep-2016;1 405,310
15-Sep-2016;1 416,830
14-Sep-2016;1 409,890
13-Sep-2016;1 410,790
12-Sep-2016;1 417,360
09-Sep-2016;1 426,560
08-Sep-2016;1 440,030
07-Sep-2016;1 441,520
06-Sep-2016;1 435,190
05-Sep-2016;1 440,760
02-Sep-2016;1 437,240
01-Sep-2016;1 417,590
31-Aug-2016;1 418,140
30-Aug-2016;1 418,430
29-Aug-2016;1 411,980
26-Aug-2016;1 411,650
25-Aug-2016;1 405,080
24-Aug-2016;1 412,940
23-Aug-2016;1 406,550
22-Aug-2016;1 391,470
19-Aug-2016;1 393,610
18-Aug-2016;1 403,020
17-Aug-2016;1 392,050
16-Aug-2016;1 406,260
15-Aug-2016;1 421,580
12-Aug-2016;1 414,210
11-Aug-2016;1 416,900
10-Aug-2016;1 405,990
09-Aug-2016;1 411,350
08-Aug-2016;1 385,680
05-Aug-2016;1 378,830
04-Aug-2016;1 365,850
03-Aug-2016;1 352,340
02-Aug-2016;1 358,620
01-Aug-2016;1 379,460
29-Jul-2016;1 386,660
28-Jul-2016;1 382,080
27-Jul-2016;1 387,510
26-Jul-2016;1 382,730
25-Jul-2016;1 385,970
22-Jul-2016;1 377,470
21-Jul-2016;1 381,700
20-Jul-2016;1 386,590
19-Jul-2016;1 371,900
18-Jul-2016;1 368,250
15-Jul-2016;1 372,800
14-Jul-2016;1 364,920
13-Jul-2016;1 356,350
12-Jul-2016;1 354,510
11-Jul-2016;1 350,090
08-Jul-2016;1 326,210
07-Jul-2016;1 305,330
06-Jul-2016;1 284,580
05-Jul-2016;1 303,010
04-Jul-2016;1 325,540
01-Jul-2016;1 340,260
30-Jun-2016;1 323,570
29-Jun-2016;1 309,570
28-Jun-2016;1 278,520
27-Jun-2016;1 246,100
23-Jun-2016;1 360,730
22-Jun-2016;1 354,600
21-Jun-2016;1 344,590
20-Jun-2016;1 340,290
17-Jun-2016;1 298,380
16-Jun-2016;1 278,710
15-Jun-2016;1 304,090
14-Jun-2016;1 273,970
13-Jun-2016;1 294,510
10-Jun-2016;1 315,060
09-Jun-2016;1 344,000
08-Jun-2016;1 361,490
07-Jun-2016;1 367,150
03-Jun-2016;1 345,440
02-Jun-2016;1 359,140
01-Jun-2016;1 356,750
31-May-2016;1 369,480
30-May-2016;1 379,800
27-May-2016;1 376,500
26-May-2016;1 376,150
25-May-2016;1 367,070
24-May-2016;1 357,100
23-May-2016;1 338,970
20-May-2016;1 342,680
19-May-2016;1 321,800
18-May-2016;1 340,930
17-May-2016;1 331,710
16-May-2016;1 336,140
13-May-2016;1 323,180
12-May-2016;1 312,280
11-May-2016;1 326,130
10-May-2016;1 332,580
09-May-2016;1 328,200
06-May-2016;1 309,170
04-May-2016;1 319,170
03-May-2016;1 335,390
02-May-2016;1 352,910
29-Apr-2016;1 360,710
28-Apr-2016;1 389,610
27-Apr-2016;1 386,780
26-Apr-2016;1 389,800
25-Apr-2016;1 389,570
22-Apr-2016;1 396,370
21-Apr-2016;1 409,490
20-Apr-2016;1 419,670
19-Apr-2016;1 410,870
18-Apr-2016;1 381,890
15-Apr-2016;1 381,330
14-Apr-2016;1 384,110
13-Apr-2016;1 392,590
12-Apr-2016;1 366,600
11-Apr-2016;1 368,620
08-Apr-2016;1 364,940
07-Apr-2016;1 330,840
06-Apr-2016;1 349,020
05-Apr-2016;1 333,850
04-Apr-2016;1 361,860
01-Apr-2016;1 358,220
31-Mar-2016;1 365,700
30-Mar-2016;1 376,820
29-Mar-2016;1 348,700
24-Mar-2016;1 345,340
23-Mar-2016;1 368,210
22-Mar-2016;1 382,440
21-Mar-2016;1 377,560
18-Mar-2016;1 391,380
17-Mar-2016;1 390,860
16-Mar-2016;1 393,100
15-Mar-2016;1 403,950
14-Mar-2016;1 424,190
11-Mar-2016;1 418,390
10-Mar-2016;1 385,060
09-Mar-2016;1 398,470
08-Mar-2016;1 390,580
07-Mar-2016;1 397,040
04-Mar-2016;1 403,770
03-Mar-2016;1 389,450
02-Mar-2016;1 383,710
01-Mar-2016;1 391,450
29-Feb-2016;1 372,540
26-Feb-2016;1 370,800
25-Feb-2016;1 360,970
24-Feb-2016;1 327,850
23-Feb-2016;1 366,530
22-Feb-2016;1 385,740
19-Feb-2016;1 355,950
18-Feb-2016;1 362,980
17-Feb-2016;1 374,250
16-Feb-2016;1 328,140
15-Feb-2016;1 336,170
12-Feb-2016;1 286,670
11-Feb-2016;1 247,060
10-Feb-2016;1 297,820
09-Feb-2016;1 271,450
08-Feb-2016;1 273,950
05-Feb-2016;1 330,110
04-Feb-2016;1 333,720
03-Feb-2016;1 305,490
02-Feb-2016;1 320,290
01-Feb-2016;1 342,430
29-Jan-2016;1 356,320
28-Jan-2016;1 333,320
27-Jan-2016;1 365,590
26-Jan-2016;1 375,740
25-Jan-2016;1 354,410
22-Jan-2016;1 361,360
21-Jan-2016;1 312,600
20-Jan-2016;1 290,950
19-Jan-2016;1 332,170
18-Jan-2016;1 306,020
15-Jan-2016;1 305,240
14-Jan-2016;1 339,470
13-Jan-2016;1 360,980
12-Jan-2016;1 351,260
11-Jan-2016;1 348,640
08-Jan-2016;1 348,760
07-Jan-2016;1 357,120
06-Jan-2016;
05-Jan-2016;1 387,030
04-Jan-2016;1 394,390
30-Dec-2015;1 446,820
29-Dec-2015;1 452,950
28-Dec-2015;1 434,060
23-Dec-2015;1 446,690
22-Dec-2015;1 413,740
21-Dec-2015;1 419,130
18-Dec-2015;1 422,630
17-Dec-2015;1 438,320
16-Dec-2015;1 428,020
15-Dec-2015;1 426,470
14-Dec-2015;1 389,260
11-Dec-2015;1 401,140
10-Dec-2015;1 433,410
09-Dec-2015;1 440,940
08-Dec-2015;1 454,990
07-Dec-2015;1 494,520
04-Dec-2015;1 485,320
03-Dec-2015;1 502,410
02-Dec-2015;1 533,870
01-Dec-2015;1 530,520
30-Nov-2015;1 536,050
27-Nov-2015;1 522,000
26-Nov-2015;1 522,280
25-Nov-2015;1 506,520
24-Nov-2015;1 488,890
23-Nov-2015;1 515,800
20-Nov-2015;1 521,870
19-Nov-2015;1 512,770
18-Nov-2015;1 514,180
17-Nov-2015;1 513,930
16-Nov-2015;1 479,040
13-Nov-2015;1 476,210
12-Nov-2015;1 488,400
11-Nov-2015;1 511,460
10-Nov-2015;1 499,400
09-Nov-2015;1 511,550
06-Nov-2015;1 526,490
05-Nov-2015;1 523,250
04-Nov-2015;1 529,430
03-Nov-2015;1 507,450
02-Nov-2015;1 502,440
30-Oct-2015;1 499,230
29-Oct-2015;1 495,860
28-Oct-2015;1 499,640
27-Oct-2015;1 487,030
26-Oct-2015;1 506,160
23-Oct-2015;1 506,590
22-Oct-2015;1 484,470
21-Oct-2015;1 452,090
20-Oct-2015;1 466,670
19-Oct-2015;1 458,000
16-Oct-2015;1 452,360
15-Oct-2015;1 453,870
14-Oct-2015;1 442,750
13-Oct-2015;1 460,110
12-Oct-2015;1 481,430
09-Oct-2015;1 483,740
08-Oct-2015;1 464,490
07-Oct-2015;1 452,010
06-Oct-2015;1 457,150
05-Oct-2015;1 456,970
02-Oct-2015;1 412,860
01-Oct-2015;1 404,450
30-Sep-2015;1 416,890
29-Sep-2015;1 391,880
28-Sep-2015;1 389,380
25-Sep-2015;1 418,470
24-Sep-2015;1 381,870
23-Sep-2015;1 421,500
22-Sep-2015;1 425,390
21-Sep-2015;1 462,660
18-Sep-2015;1 453,110
17-Sep-2015;1 486,460
16-Sep-2015;1 483,660
15-Sep-2015;1 469,080
14-Sep-2015;1 467,730
11-Sep-2015;1 488,410
10-Sep-2015;1 494,350
09-Sep-2015;1 507,150
08-Sep-2015;1 488,880
07-Sep-2015;1 471,750
04-Sep-2015;1 461,460
03-Sep-2015;1 500,210
02-Sep-2015;1 471,510
01-Sep-2015;1 469,860
31-Aug-2015;1 501,070
28-Aug-2015;1 509,710
27-Aug-2015;1 502,860
26-Aug-2015;1 458,200
25-Aug-2015;1 483,350
24-Aug-2015;1 428,080
21-Aug-2015;1 495,360
20-Aug-2015;1 534,390
19-Aug-2015;1 553,510
18-Aug-2015;1 583,530
17-Aug-2015;1 592,810
14-Aug-2015;1 586,830
13-Aug-2015;1 594,150
12-Aug-2015;1 575,040
11-Aug-2015;1 614,720
10-Aug-2015;1 636,540
07-Aug-2015;1 612,280
06-Aug-2015;1 621,560
05-Aug-2015;1 627,420
04-Aug-2015;1 611,880
03-Aug-2015;1 618,280
31-Jul-2015;1 615,640
30-Jul-2015;1 603,500
29-Jul-2015;1 597,860
28-Jul-2015;1 588,220
27-Jul-2015;1 581,330
24-Jul-2015;1 612,800
23-Jul-2015;1 619,810
22-Jul-2015;1 621,270
21-Jul-2015;1 636,420
20-Jul-2015;1 653,440
17-Jul-2015;1 635,470
16-Jul-2015;1 636,120
15-Jul-2015;1 601,970
14-Jul-2015;1 616,250
13-Jul-2015;1 614,420
10-Jul-2015;1 590,540
09-Jul-2015;1 549,590
08-Jul-2015;1 520,880
07-Jul-2015;1 516,120
06-Jul-2015;1 526,940
03-Jul-2015;1 553,600
02-Jul-2015;1 562,100
01-Jul-2015;1 575,500
30-Jun-2015;1 541,660
29-Jun-2015;1 559,800
26-Jun-2015;1 608,260
25-Jun-2015;1 601,120
24-Jun-2015;1 611,500
23-Jun-2015;1 620,950
22-Jun-2015;1 606,620
18-Jun-2015;1 562,430
17-Jun-2015;1 567,460
16-Jun-2015;1 582,230
15-Jun-2015;1 566,990
12-Jun-2015;1 597,330
11-Jun-2015;1 604,890
10-Jun-2015;1 610,380
09-Jun-2015;1 587,840
08-Jun-2015;1 589,570
05-Jun-2015;1 606,450
04-Jun-2015;1 625,020
03-Jun-2015;1 641,690
02-Jun-2015;1 638,650
01-Jun-2015;1 649,590
29-May-2015;1 644,990
28-May-2015;1 667,060
27-May-2015;1 664,080
26-May-2015;1 638,490
25-May-2015;1 650,690
22-May-2015;1 648,460
21-May-2015;1 642,190
20-May-2015;1 637,480
19-May-2015;1 633,260
18-May-2015;1 622,570
15-May-2015;1 616,480
13-May-2015;1 622,010
12-May-2015;1 600,100
11-May-2015;1 617,030
08-May-2015;1 616,450
07-May-2015;1 587,650
06-May-2015;1 584,180
05-May-2015;1 595,480
04-May-2015;1 634,100
30-Apr-2015;1 628,040
29-Apr-2015;1 636,180
28-Apr-2015;1 679,520
27-Apr-2015;1 719,930
24-Apr-2015;1 698,510
23-Apr-2015;1 689,770
22-Apr-2015;1 706,250
21-Apr-2015;1 694,730
20-Apr-2015;1 678,280
17-Apr-2015;1 655,720
16-Apr-2015;1 690,930
15-Apr-2015;1 710,610
14-Apr-2015;1 701,390
13-Apr-2015;1 700,360
10-Apr-2015;1 699,960
09-Apr-2015;1 695,940
08-Apr-2015;1 686,770
07-Apr-2015;1 697,430
02-Apr-2015;1 675,520
01-Apr-2015;1 669,490
31-Mar-2015;1 667,730
30-Mar-2015;1 687,170
27-Mar-2015;1 662,560
26-Mar-2015;1 675,610
25-Mar-2015;1 694,390
24-Mar-2015;1 701,290
23-Mar-2015;1 698,380
20-Mar-2015;1 710,870
19-Mar-2015;1 707,500
18-Mar-2015;1 703,960
17-Mar-2015;1 675,880
16-Mar-2015;1 689,670
13-Mar-2015;1 665,130
12-Mar-2015;1 661,690
11-Mar-2015;1 663,310
10-Mar-2015;1 641,710
09-Mar-2015;1 660,360
06-Mar-2015;1 662,550
05-Mar-2015;1 669,560
04-Mar-2015;1 664,500
03-Mar-2015;1 661,870
02-Mar-2015;1 686,640
27-Feb-2015;1 691,030
26-Feb-2015;1 684,830
25-Feb-2015;1 678,730
24-Feb-2015;1 683,920
23-Feb-2015;1 679,480
20-Feb-2015;1 664,330
19-Feb-2015;1 662,240
18-Feb-2015;1 652,150
17-Feb-2015;1 630,990
16-Feb-2015;1 644,290
13-Feb-2015;1 642,040
12-Feb-2015;1 624,350
11-Feb-2015;1 593,030
10-Feb-2015;1 602,740
09-Feb-2015;1 591,400
06-Feb-2015;1 599,550
05-Feb-2015;1 586,130
04-Feb-2015;1 579,310
03-Feb-2015;1 593,420
02-Feb-2015;1 575,950
30-Jan-2015;1 573,620
29-Jan-2015;1 570,390
28-Jan-2015;1 562,540
27-Jan-2015;1 533,370
26-Jan-2015;1 554,700
23-Jan-2015;1 536,390
22-Jan-2015;1 523,800
21-Jan-2015;1 501,220
20-Jan-2015;1 491,590
19-Jan-2015;1 476,310
16-Jan-2015;1 468,900
15-Jan-2015;1 457,360
14-Jan-2015;1 434,790
13-Jan-2015;1 465,660
12-Jan-2015;1 453,640
09-Jan-2015;1 444,460
08-Jan-2015;1 456,720
07-Jan-2015;1 421,340
05-Jan-2015;1 454,810
02-Jan-2015;1 463,780